-- phpMyAdmin SQL Dump
-- version 5.1.1
-- https://www.phpmyadmin.net/
--
-- Máy chủ: 127.0.0.1
-- Thời gian đã tạo: Th9 13, 2022 lúc 12:44 PM
-- Phiên bản máy phục vụ: 10.4.21-MariaDB
-- Phiên bản PHP: 8.0.11

SET SQL_MODE = "NO_AUTO_VALUE_ON_ZERO";
START TRANSACTION;
SET time_zone = "+00:00";


/*!40101 SET @OLD_CHARACTER_SET_CLIENT=@@CHARACTER_SET_CLIENT */;
/*!40101 SET @OLD_CHARACTER_SET_RESULTS=@@CHARACTER_SET_RESULTS */;
/*!40101 SET @OLD_COLLATION_CONNECTION=@@COLLATION_CONNECTION */;
/*!40101 SET NAMES utf8mb4 */;

--
-- Cơ sở dữ liệu: `perfume`
--

-- --------------------------------------------------------

--
-- Cấu trúc bảng cho bảng `cat_perfume`
--

CREATE TABLE `cat_perfume` (
  `id` int(11) NOT NULL,
  `catperfume` varchar(255) COLLATE utf8_unicode_ci NOT NULL,
  `parrent_id` int(11) NOT NULL DEFAULT 0
) ENGINE=InnoDB DEFAULT CHARSET=utf8 COLLATE=utf8_unicode_ci;

--
-- Đang đổ dữ liệu cho bảng `cat_perfume`
--

INSERT INTO `cat_perfume` (`id`, `catperfume`, `parrent_id`) VALUES
(1, 'Nước hoa cho nữ', 0),
(2, 'Nước hoa cho nam', 0);

-- --------------------------------------------------------

--
-- Cấu trúc bảng cho bảng `cat_user`
--

CREATE TABLE `cat_user` (
  `id` int(11) NOT NULL,
  `catuser` varchar(255) COLLATE utf8_unicode_ci NOT NULL
) ENGINE=InnoDB DEFAULT CHARSET=utf8 COLLATE=utf8_unicode_ci;

--
-- Đang đổ dữ liệu cho bảng `cat_user`
--

INSERT INTO `cat_user` (`id`, `catuser`) VALUES
(1, 'Administrator'),
(2, 'Admin'),
(5, 'Tài khoản khách');

-- --------------------------------------------------------

--
-- Cấu trúc bảng cho bảng `comment`
--

CREATE TABLE `comment` (
  `id` int(11) NOT NULL,
  `name_comment` varchar(50) COLLATE utf8_unicode_ci NOT NULL,
  `message` text COLLATE utf8_unicode_ci NOT NULL,
  `create_comment` timestamp NOT NULL DEFAULT current_timestamp(),
  `id_per` int(11) NOT NULL
) ENGINE=InnoDB DEFAULT CHARSET=utf8 COLLATE=utf8_unicode_ci;

--
-- Đang đổ dữ liệu cho bảng `comment`
--

INSERT INTO `comment` (`id`, `name_comment`, `message`, `create_comment`, `id_per`) VALUES
(28, 'Khoa Vũ', 'Sản phẩm rẻ, đẹp.', '2021-11-20 08:14:14', 68),
(29, 'Khoa Vũ', 'Nhân viên phục vụ, tư vấn nhiệt tình.', '2021-11-20 08:14:31', 68),
(30, 'Khoa Vũ', 'Nhân viên rất dễ thương', '2021-11-20 08:14:37', 68),
(42, 'Khoa Vũ', 'Sản phẩm tốt, phục vụ tốt', '2021-12-10 08:41:24', 68),
(43, 'Khoa Vũ', 'test', '2021-12-14 02:55:41', 68),
(44, 'Phi Long', 'Giá bán mắc', '2021-12-14 03:35:12', 68),
(45, 'Khoa Vũ', 'test', '2021-12-14 09:28:53', 81);

-- --------------------------------------------------------

--
-- Cấu trúc bảng cho bảng `contact`
--

CREATE TABLE `contact` (
  `id` int(11) NOT NULL,
  `name` varchar(50) COLLATE utf8_unicode_ci NOT NULL,
  `email` varchar(50) COLLATE utf8_unicode_ci NOT NULL,
  `phone` varchar(20) COLLATE utf8_unicode_ci NOT NULL,
  `message` text COLLATE utf8_unicode_ci NOT NULL
) ENGINE=InnoDB DEFAULT CHARSET=utf8 COLLATE=utf8_unicode_ci;

--
-- Đang đổ dữ liệu cho bảng `contact`
--

INSERT INTO `contact` (`id`, `name`, `email`, `phone`, `message`) VALUES
(14, 'test', 'vutri1402@yahoo.com', '091231243234', 'test'),
(15, 'Nguyễn Văn A', 'NguyenvanA@yahoo.com', '09123124323', 'Tôi không hiểu cách tạo tài khoản...'),
(16, 'Nguyễn Văn B', 'Nguyenb@yahoo.com', '09123121243', 'Sản phẩm tôi đặt chưa được giao'),
(17, 'Nguyễn Văn C', 'nguyenc@yahoo.com', '09123121243', 'Nhân viên giao hàng không vui vẻ lắm'),
(18, 'khoa vũ', 'vutri1402@yahoo.com', '09123124323', 'test');

-- --------------------------------------------------------

--
-- Cấu trúc bảng cho bảng `item`
--

CREATE TABLE `item` (
  `id` int(11) NOT NULL,
  `quantity` int(11) NOT NULL,
  `price` longtext COLLATE utf8_unicode_ci NOT NULL,
  `per_id` int(11) NOT NULL,
  `order_id` int(11) NOT NULL
) ENGINE=InnoDB DEFAULT CHARSET=utf8 COLLATE=utf8_unicode_ci;

--
-- Đang đổ dữ liệu cho bảng `item`
--

INSERT INTO `item` (`id`, `quantity`, `price`, `per_id`, `order_id`) VALUES
(97, 3, '25000000', 68, 87),
(98, 2, '24500000', 66, 87),
(99, 1, '29300000', 58, 87),
(100, 8, '20000000', 30, 88),
(101, 4, '27500000', 29, 88),
(102, 5, '45000000', 33, 89),
(103, 2, '38000000', 35, 89),
(104, 5, '20000000', 31, 90),
(105, 5, '34700000', 34, 91),
(106, 2, '29300000', 58, 92),
(107, 5, '37500000', 32, 93),
(108, 10, '34700000', 34, 94),
(109, 5, '45000000', 33, 94),
(110, 7, '38000000', 35, 95),
(111, 4, '34700000', 34, 95),
(112, 3, '45000000', 33, 96),
(113, 1, '34700000', 34, 97),
(114, 30, '28000000', 81, 98);

-- --------------------------------------------------------

--
-- Cấu trúc bảng cho bảng `order`
--

CREATE TABLE `order` (
  `id` int(11) NOT NULL,
  `user_id` int(11) NOT NULL,
  `status` tinyint(1) NOT NULL DEFAULT 0,
  `phone` varchar(20) COLLATE utf8_unicode_ci NOT NULL,
  `email` varchar(50) COLLATE utf8_unicode_ci NOT NULL,
  `adress` text COLLATE utf8_unicode_ci NOT NULL,
  `note` text COLLATE utf8_unicode_ci NOT NULL
) ENGINE=InnoDB DEFAULT CHARSET=utf8 COLLATE=utf8_unicode_ci;

--
-- Đang đổ dữ liệu cho bảng `order`
--

INSERT INTO `order` (`id`, `user_id`, `status`, `phone`, `email`, `adress`, `note`) VALUES
(87, 33, 1, '09123124323', 'vkhoa413@gmail.com', '152 Đường 3/2 P1 Q10', 'Cửa nhà màu xanh kế bên tiệm cafe'),
(88, 21, 0, 'x', 'phuy@gmail.com', '283 Đường Tạ quang bửu p4 q5', 'Ngôi nhà màu xanh'),
(89, 29, 0, 'x', 'longho@yahoo.com', '273 Đường Cộng Hòa p4 q3', 'kế bên ngôi nhà màu đỏ'),
(90, 36, 1, '09123124323', 'lplong12@gmail.com', '12 đường An Phú p3 quận Tân Bình', 'Kế bên tiệm cafe '),
(91, 36, 0, '09123124323', 'lplong12@gmail.com', '12 đường Cộng Hòa p2 quận Tân Bình', 'gần tiệm cafe'),
(92, 36, 0, '09123124323', 'lplong12@gmail.com', '12 Đường Cộng Hòa p2 Quận Tân Bình', 'Gần tiệm cafe'),
(93, 29, 0, '09123124323', 'longho@gmail.com', '12 Cộng Hòa p3 quận Tân Bình', 'gần sát bên HighLand'),
(94, 21, 0, '09123124323', 'phuy@gmail.com', '12 Đường Trương Định p2 Quận 2', 'Gần sát bên Chợ'),
(95, 33, 0, 'x', 'vmkhoa@yahoo.com', '14 Đường 3/2 p3 Quận 10', 'Sát bên trường đại học huflit'),
(96, 33, 1, '09123124323', 'vmkhoa@yahoo.com', '12 đường 3/2 p2 Quận 10', 'Gần sát bên trường đại học Huflit'),
(97, 33, 1, '09123124323', 'vutri1402@yahoo.com', 'test', 'test'),
(98, 1, 0, '09123124323', 'vutri1402@yahoo.com', 'test', 'test');

-- --------------------------------------------------------

--
-- Cấu trúc bảng cho bảng `perfumes`
--

CREATE TABLE `perfumes` (
  `id` int(11) NOT NULL,
  `name_per` varchar(255) COLLATE utf8_unicode_ci NOT NULL,
  `description` varchar(255) COLLATE utf8_unicode_ci NOT NULL,
  `detail` text COLLATE utf8_unicode_ci NOT NULL,
  `brand` varchar(255) COLLATE utf8_unicode_ci NOT NULL,
  `made` varchar(50) COLLATE utf8_unicode_ci NOT NULL,
  `capacity` varchar(20) COLLATE utf8_unicode_ci NOT NULL,
  `code_per` varchar(255) COLLATE utf8_unicode_ci NOT NULL,
  `amount` int(11) NOT NULL DEFAULT 0,
  `money` varchar(20) COLLATE utf8_unicode_ci NOT NULL DEFAULT '0',
  `evaluate` int(5) NOT NULL DEFAULT 0,
  `create_date` timestamp NOT NULL DEFAULT current_timestamp(),
  `view` int(11) NOT NULL DEFAULT 0,
  `cat_perfume` int(11) NOT NULL
) ENGINE=InnoDB DEFAULT CHARSET=utf8 COLLATE=utf8_unicode_ci;

--
-- Đang đổ dữ liệu cho bảng `perfumes`
--

INSERT INTO `perfumes` (`id`, `name_per`, `description`, `detail`, `brand`, `made`, `capacity`, `code_per`, `amount`, `money`, `evaluate`, `create_date`, `view`, `cat_perfume`) VALUES
(29, 'Dior Poison Girl', 'Quyến rũ', 'Quyến rũ', 'Dior ', 'Pháp', '200ml', '123456766543', 200, '27500000', 0, '2020-12-09 08:32:30', 8, 1),
(30, 'RANACOVA', 'Hương vị mới', 'Hương vị mới', 'Ranaco', 'Anh Quốc', '200ml', '123456766543', 75, '20000000', 0, '2020-12-09 13:14:20', 13, 1),
(31, 'Gucci Bloom EDP', 'Sản phẩm chất lượng cao', 'Sản phẩm chất lượng cao', 'Gucci', 'Việt Nam', '200ml', '123456766543', 145, '20000000', 0, '2020-12-10 12:25:35', 5, 1),
(32, 'DAWANA', 'Hương bạc hà', 'Hương bạc hà', 'Diolona', 'Việt Nam', '200ml', '123456766543', 95, '37500000', 0, '2020-12-10 14:55:02', 5, 1),
(33, 'Chanel', 'Chuẩn đàn ông', 'Chuẩn đàn ông', 'Diolona', 'Việt Nam', '200ml', 'D125', 191, '45000000', 0, '2020-12-10 14:57:42', 107, 2),
(34, 'Jean Paul Gaultier Scandal EDP', 'Sự ngon lành từ mật ong mới nguyên, làm tăng cường độ các nốt hương hoa Dành Dành trắng muốt ngào ngạt và Bưởi Hồng thanh mát.', 'Hương hoa Gardenia bằng sự tinh tế nhưng hoang dã của đủ chinh phục bạn ngay ở những xúc chạm đầu tiên. Sau đó, vị ngọt trong thành phần chính của mùi hương đầy ấn tượng – mật ong – bắt đầu hé lộ những nốt hương đầu tiên của mình. Khứu giác được kích thích gợi nhớ về kinh nghiệm đầy ngon lành của vị giác, để rồi bất ngờ nhận ra Hoắc Hương cũng dần lộ diện mang lại chiều sâu và thậm chí nguyên khí mới đầy bất ngờ cho toàn bộ làn hương.', 'MY', 'Mỹ', '80ml', '123456766543', 129, '34700000', 0, '2020-12-12 03:31:22', 20, 2),
(35, 'Genie Maibu Secret Love', 'Nước Hoa Vùng Kín Genie Maibu Secret Love Hàn Quốc là dạng nước hoa vùng kín đa năng với 2 công dụng chỉ cần 1 - 2 giọt vừa làm sạch', 'Nước Hoa Vùng Kín Genie Maibu Secret Love Hàn Quốc được thiết kế tiện dụng, có thể bỏ trong túi, áo và ví cầm tay, dùng được cho mọi loại da. Trong những ngày nắng nóng đến quay cuồng, ngày “đèn đỏ”, vùng “tam giác” đổ mồ hôi, bết rít và có khi còn nặng mùi nước hoa vùng kín Maibu sẽ giúp bạn không cảm thấy lo lắng, tự ti, nước hoa vùng kín Maibu không chỉ tạo mùi thơm, mà còn có chức năng làm sạch, cân bằng độ pH, giúp cho nàng luôn cảm thấy thoải mái, khô thoáng, thơm dìu dịu hoà quyện cùng làn nước âm ấm, mọi mệt nhọc trong ngày đều sẽ tan biến ngay. Với thiết kế tinh xảo, nhỏ gọn, Maibu Secret không thể thiếu trong túi xách của bạn, dễ dàng mang theo.', 'GENIE', 'Nhật Bản', '2000ml', 'ABDf763', 92, '38000000', 0, '2020-12-12 08:39:18', 13, 2),
(58, 'Dior J’adore In Joy', 'Sản phẩm chất lượng cao', 'Sản phẩm chất lượng cao', 'Dior', 'Pháp', '300ml', 'D211', 2, '29300000', 0, '2021-11-13 07:58:20', 64, 1),
(66, 'Lancome Trésor Lumineuse', 'Sản phẩm chất lượng cao', 'Sản phẩm chất lượng cao', 'Lancome', 'Pháp', '300ml', 'D927', 8, '24500000', 0, '2021-11-14 08:27:06', 10, 1),
(67, 'Chanel Chance Eau', 'Sản phẩm chất lượng cao', 'Sản phẩm chất lượng cao', 'Guerlain', 'Pháp', '300ml', 'D210', 3, '20000000', 0, '2021-11-14 08:29:46', 29, 1),
(68, 'Dior J’adore Eau De Parfum', 'Sản phẩm chất lượng cao', 'Sản phẩm chất lượng cao', 'Chanel', 'Pháp', '300ml', 'D123', 6, '25000000', 0, '2021-11-14 08:31:44', 21, 1),
(81, 'Guerlain Samsara', 'là một trong những loại nước hoa nổi tiếng nhất', 'Nước hoa  mạnh mẽ được ca ngợi rộng rãi trong ngành vì những nốt hương say đắm của gỗ đàn hương, hoa nhài  cùng với hương gỗ tạo nên một mùi hương phương Đông hấp dẫn.', 'Guerlain ', 'Pháp', '300ml', 'D1232', 0, '28000000', 0, '2021-12-14 03:40:11', 5, 2);

-- --------------------------------------------------------

--
-- Cấu trúc bảng cho bảng `permission`
--

CREATE TABLE `permission` (
  `id` int(11) NOT NULL,
  `user_id` int(11) NOT NULL,
  `catuser_id` int(11) NOT NULL,
  `perfume_id` int(11) NOT NULL,
  `add_per` tinyint(1) NOT NULL DEFAULT 0,
  `edit_per` tinyint(1) NOT NULL DEFAULT 0,
  `del_per` tinyint(1) NOT NULL DEFAULT 0
) ENGINE=InnoDB DEFAULT CHARSET=utf8 COLLATE=utf8_unicode_ci;

--
-- Đang đổ dữ liệu cho bảng `permission`
--

INSERT INTO `permission` (`id`, `user_id`, `catuser_id`, `perfume_id`, `add_per`, `edit_per`, `del_per`) VALUES
(1, 1, 1, 1, 1, 1, 1);

-- --------------------------------------------------------

--
-- Cấu trúc bảng cho bảng `pic_per`
--

CREATE TABLE `pic_per` (
  `id` int(11) NOT NULL,
  `picture` text COLLATE utf8_unicode_ci NOT NULL,
  `per_id` int(11) NOT NULL
) ENGINE=InnoDB DEFAULT CHARSET=utf8 COLLATE=utf8_unicode_ci;

--
-- Đang đổ dữ liệu cho bảng `pic_per`
--

INSERT INTO `pic_per` (`id`, `picture`, `per_id`) VALUES
(28, 'data:image/jpeg;base64,/9j/4AAQSkZJRgABAQAAAQABAAD/2wCEAAkGBw8QEBUPDxAPDw8PDw8PDw8QEA8PDw8PFREWFhUVFhUYHSggGBolGxUVITEhJSkrLi4uFx8zOD8tNygtLisBCgoKDg0OGhAQGy4dHyUtKysvNS0tKys3LDQ3Mys3Kyw0LS8tLSs1Kys3NzU3NTgrKzcrKzErLSsvMjUtKzU4K//AABEIAOEA4QMBIgACEQEDEQH/xAAcAAABBQEBAQAAAAAAAAAAAAAAAQIDBAUIBgf/xABNEAABAwICBAYMCQoGAwAAAAABAAIDBBESIQUGMXEHEyIyQWEzUVJyc4GRkrGys8EUIyQlNVN0wtEXNEJEgoOhtNLwFRZDYpOilKPi/8QAFgEBAQEAAAAAAAAAAAAAAAAAAAEC/8QAGxEBAAMAAwEAAAAAAAAAAAAAAAECESExQRL/2gAMAwEAAhEDEQA/APuKEIQCEIQCEIQCEIQCEIQCEIQCEIQCEIQCEIQCEIQCEIQCEIQCEIQCEIQCEIQVNK6RipYX1E7sEUTcT3WLiBsyAzJuQLBeRbws6FJt8Ie3v4JYx5XALR4TPomp7yP2zFzsQDtAKDoan4QtGSC8UxkHSWAG38U52vtCOmTyMH3lzzR07BKx7Rhe17CHN5Lhyh0hfavyd6L+oef383ucg13cIdAOl/8A6h95Ru4SKD/d50Q+8s5uoGix+rk756j+tSN1H0YP1UeOWoPpegsu4TKH+5IvxTfynUPX58Z96jGp+jR+qReMyH0uUjdVdHj9Tp/GwH0oEdwn0PQCd7mj0KCThTpRsYD+2dviarY1boBso6X/AIIj7k9ug6MbKWlH7iH8EGY7hWp+4b5zz9xRO4V4ehjPLL/StwaMphsggG6GMe5PFJENkUY3MYPcg847hYj6Gx+SUqP8q19jIzuZJ+K9PxTRsa0bgE12WxBj0vCi08+lld1xh3oI969dq9rDDWtc6JkzDHhxNmjMZ5V7W6DsOxYT5D2ytbVk3Mh6o/S5BvIQhAIQhAIQhAIQhAIQhAIQhAIQhB5bhOPzTU97F7Zi52uuh+FI/NFTuh9vGudUFmkPLb37PWC6RXNlF2RnhGesF0kgEiCU1AFIUJEAkKCkQImlKUhQNconqQqNyCnMVsapHsv7v7yypGLZ1XZYSdZZ95BuoQhB8e1t4Qq6Gqmgjc1kcUr424WtxWabXJIOeS88eEGvJuZ5d2MgfwsqGvJ+X1P2qf2hXn2oPZ/lArrW412y18c2Lbe/O2qIcIFc0346U9RkcR/G68sonoPo+rXCNXyVMML3teyWeKNwe1pOFzw02IAN819qXMWqp+W032qn9q1dOoBCEIBCRKgEIQg8lwrH5oqP3H8xGudiuh+Fj6IqN9P/ADEa54QWKAfGx+Fj9YLpFc36O7NH4WL1wukCgQpEOIGZyAzJOwBVdH10dRE2aIlzH3sSC03Di0gg5g3BQWEiilqWteyM3xS48NtnJFzdSoEKRQ0tSJMdgRxcr4je2Zba5HVmmV1VxQabXxyxRbbWxvDb+K6CcpCoKipwyRx2vxpkzvbDhZi2dKraUq5GOiZE1hfPK5l5C4NaGxPkJ5OZ5lvGgukqJ5VSgq5HukjlEYfC5oJjc4scHMDhtzBzzG49Ky6nSMpnlibU0cAjkZGxksZfK8uiY+4+Nb0vsMuhBsOetvVl1xJvb6CvPSFbuqfNk75voKDfQkQg+VazajQVE8krZpI5JJpXOBDZGkl52DIjylZMfBa4nKsFuunP9a09N67xU9XNHJDJ8XPI3ExzXYrPOdjaykpOEmg2ObUN3xtPocgo/kofn8sbl08Qc/8Auq7uC4jN1YLdVP8A/a9H+UjRtudPu4k/iqFTwkUHQ2odujYPS5BR0dqTBTTxycbLI5ksbhzWNuHgjK1/4r7KvjFFrvFU1UMTIJAJKiJhc9zWkYpAL2F+2vsyBUJEIFQkQgVCRCDyPCx9EVG+n/mI1zyV0Pwr/RFRvp/5iNc8FBY0afjovDReuF0gVzho3s8XhovXC6NKDI1lmdxTYGMdI+peIyxhaHGAcqY3cQByAW3J2vCh0RUPbUyxSQugbO0VMLHPjfdzQ2OYDASAOxG3be5bZAvewv0FCDI0xVRxT075HYGD4QMRBIuWNsMloUtVHK3HG7E25F7OGY27Qp7pCgwaHSTInyxvZUYnVcpGGmqXsIcRY42sw267q3pxjzG1zGGQxTwSljbYnNZIC7DfabXNumy0b/w/gm4h2xmLjPaO2gyY5jPPG9scrI4Wylz5Y3Qlz3gNDWtdYnLESbW2beh+l9HCd8AewSRxyyPkDrWA4l7W5dObgtFsjTazgbjELEG7e2OrMZptNVseMUb2vb3TSHA+PxoM3QOjTTxuhwNaxk0hicLXkjccTS62eIXw3OZwA9KpPpaiOaZ7aaKVssrZGSOlDHBohjZa2Anaw+VembOBtsoqysZhOQQZci3tVRyZO/b6qxo6dz2h7Q52LPL0K7o2olpw4cXIQ4h2Ub3G+w+5B6lC81LrFKNlPUH9w/8ABVJNZ6r9GkqT+5f/AEoPkGvx+cKn7RL6xXnGley1j1c0jU1Es7aWf42Rz7cTILXO5ZbdSdLdFDMfFb0hBiXUT16ZuoumD+oSeOSMe9L+T3TB/Uy3fIw+hBn6m/n9L9rpvatXTq+A6E1J0nT1EU7qZ54mWOWwbiBLXA+5fUGawaQ6aGb/AInfig9cheXbrDW9NBN5jh709usVV06Pn8tvSg9KhYtLp4k2mpp4B0vdgLBvsb/wW0gEISoPH8LJ+aJ++p/5iNc8ldB8Lp+aZu/p/bsXPZQWtGH4+Lw0XrhdGlc46J/OIfDw+0aujigRIlSIArPp6J7ZuNMhc08faPk4W43sLbcm+xpvcnbkr6oRB/Hk8stu7bxga0WFrZljhuAI6em81qtd0zR9A6NxJwDkFmJl8UxxF3GSZDldWe12eai0TokwEEyY8MIgYLEYY22LRtzscWfaI7StUkDw5z3O2ulAbyjkZCWk3Nsha1gMio9Hwua4EsLLR4ZCS08bJccrI57DmbHldSa1NI55Q6K0QKexxl2GIQtuLBkYsQ0Z7AcR/at0KXRtPxUTY8YeGANDgCMgAM7uOfjTdGURjBDw04mxg2DQMm5ggDM3JzO0EdpS00OBjWWAs0A4dl+lImUvWsbk6c8qlWHkncrj1SrOadyrC/q9K4RZOI3Gy1RUP7p3lKx9X+xeILUCCb4Q/uj5UgqX90fKo0iCb4S/uij4S/uioUIJvhL+6KDUv7o+VQoQPM7+6d5SmOmf3TvOKaU0oB0ju6d5So3OPbPlTioJKiNuTnsae0XNHpQJNsO4r01L2NneN9AXmZ+ady9NSdjZ3jfVCCVCEIPGcL/0TL4Sn9s1c+FdB8L/ANEy+Ep/bNXPZQXND/nMP2iD2rV0WVznoX85g+0we1aujCgRIlSIBIUJCgEhQkKBCo3J5Ub0ET1SrDyTuVx6pVh5J3FBd1ePxQ3e8q3pSubTwvndsjYXWuBiP6Lbntmw8apau9iH99JWhUUzJMOMEiORsgF8i9t8Nx02Oe8DtIMHV6pijmMDKiKc1EXwhxjka/5U0gTnImwdiY4D/a5aesh+SS96PWCtVFIx5Y5w5UUgkY4ZEOwlp8RDnAjrRXUjZo3RPLg14sS0gOGd8j4kFkrN0mfj6Xrnl8fyaVTUtG5jsRnnlyIwyGIt38lgN/Gl0hQCbAeMkidE8vY+MsDgSxzDzmkWs49CC0s7Rx+UVXVJB4vk7FbpKcxgh0ss1ze8vF3HUMDW5KvU6MxSGWOaaB72tbIY+LLZA2+G7XtcLi5zFigg0R2Wr+2C3/iU6yNMiMVcr5KP4Y2Ohp32wwPMYEtQTYSEXJt0X2bl6Ojo2wtLWlzsTnPe95xPe921zj29nUAABYBIKZoldML43xxxuzywsc9zct8jkFDV6LDTt5oY9z5YmNdjZHE9xcxjT2gCNmQ2DILMpqd7p6gimpZW/CrGSV9pB8TFcAcW69t63qOkZCwRRghjS7C0knCCSbDqF8h0BU5dDwlzn3naZHY3iOpqI2l2ENvZrgNjR5EFufmncvT0nY2d4z1QvLzbDuXqKXsbO8b6oQSoQhB4vhhPzTJ1y0/tWrnty6C4YvoqTwsHtAufSgu6EHyqD7TT+1aui3LnbQP53T/aqf2rV0QUCJEJECpqVIgE0pSmoEKY5OKY9BE9Ua3mncVdeqNZzTuKC5q4fihu95WuFj6udiG73lawQOQEiAUFPSWkDDsYX/Ezy5dHFhu3qOLanV1aYzZoZlFJMS9xaMLLXANtue3oSV9VxdrsDgWvu5xwsAFrtxWIub7DYZHNJpGqYzDjYx1w57cZaLFlubfa7PJNailpzPSVulGxOjDmnBIyRxd0sLcGFpH+4vw77DpUb9LYIYZnsDRMW8byhaBpic9ziekNw5ntXPQrU83Ka1rA97ml4BIaGtBbtNjncty6upQVFcxsbH2bgkIAxkMawGNzuUbG2QI8aaRS09IjpRxp+PDMJM3FhjjnY1HFAnZnaxtfI5K8xxLQTa5AJtsvZQTVHxQeIwQ/ASx5w2xEbcjncqcbBkBkMhmB1BEmswQprk4phREM2w7l6mk7GzvGeqF5abYdy9RR9jZ3jPVCCZCEIPFcMX0VJ4Wn9oFz25dB8Mf0VJ4Wn9oFz25Bo6vj5XT/AGqn9q1dDlc76ufnlP8Aaqf2rV0Q5A1CEiAQsPTdTM6oho4pvgvGxTzOmDWPkIjLAI4w8Ft+Xckg5N67jOfpWqZLTMhezSJfDXcZxb4qdkpimiYHk5gObctIG0k5doPWJq8JU6Vnko4Ib1XH1MtU6Z1LikqIYIp5ByXNt+lxbL5ZXTpKqprI6MxyPgrIxVcYw3a01UDWtdHK3uHG+XQHXQe3Kic4bLi9r7ehfONIOfLR075Yy3FpOvfLHNBPVNjBNRZr44+U4AkAWyvboWvHUCCWkmbBO+Jujp4bU9HO0NkMsBtxRF4wcDiA5B6t5VGs5p3FXMVwDYi4BsciN/WqdZzTuKC1q4fivF71rhY+rfYlroHJLoSIGT07X87FsLeS5zLtNrg2OYyCfgbcOtm0FreoG18v2QlRdF2Uc0DXkE4gQCAWucw2Nri4OzIeQJeIZZowizOYNgHJLdneuITrpbofUozC3CGWu1oaACSeaRbPadgSlKSmkomkKYU4pjkEUuw7l6mj7GzwbPVC8tLsO5epo+xs8Gz1QgmQhCDw/DKfmp/hoPXXPhK6C4Z/op3h4PWXPhQaerH57T/aoPaBdDFc96pi9dTfaYfXC6EKBqEJCgqaS0ZT1LQyohjmaDiAkaHAO7Y7SfFRxMw4I428Uwxx4WNHFxm12ttsBwtyHaCnSII44GN5rGNyI5LWtyJJIy6yT406yUpECEqNyeVG5BC9UqzmncVdeqVZzTuKC1q52If30la6x9W+xf32ythAJClQUCJU0FLdAISJyBpTSnFNKBpTSnFMKCOXYdy9TRdiZ4NnqheVl2HcvVUfY2eDZ6oQTIQhB4ThpPzWeuog9JXPxK6A4avos/aYfvLn4oNjU/8AP6b7TF6wXQJXP+pgvpCm+0R+lffygRIUqagzKnSUrXSMZC55jLBHa/xhc1rib9AFz5FKyrkdiwxuGFkjhiY9t3ZcWLnI3F722Wtkn1NTK1wayFzxdt3BzQA0nM59Isct3byrumqy3KKMOwg5nkg32E3ve3Rbx9CBIJqkvYHN+LOLE7CGE5ZXaSSPL+CHR1IcLPcW8YTnxIAZiGTuTcjDi2Z3Pkc41Zda0QbibncghtjisM7u2HOwSNiqswZGZ2ANhduTbm2HM3DvO6kELoaohgLm8mRjnkSOaXt4sBw5Le6uetRz6LeRlLIDaUXMszudICzIm2TAW7OlWZKSYhoM5FgQ5zRhLuXe47Rtl0qI6OffOolIu42uRk62VwegtFu1c9tBPGwtY1pNy1oBPbIG1VazmncrrlSrOadyCzq12L++tbKxdWuxeP8AFbSASFKkcgYhLZKgQpwQhAhTSnlRlA0ppTk0oIZdh3L1lJ2NneM9ULyc+w7ivW03Mb3jfQgkQhCDwHDa62jAO3VQj/q8+5fAiupNbNGxVVMYJm4mPcLi5Gdj0hfGdP8ABpPFd9K/jWDMRP546g/p8Y8aDzmpAvpGm8O30FfdaiqYznute52E5DacuhfEtTqSWLSdMyWN8buO5rxb9B2w7D4rr7RVwxvsJLZXsMVsjt/ggd8Njy5Yu7Y05POduac9oPkU6oPfStIxSRAt2F0ovtJ6T2ySlOlqf61h704/VugupCqX+KRHZxjt0Mx+6l+HE82Gd37Ab6xCC2UhVcTTHm00v7Rjb6HFPwVJ2QNHfS29DUDymuCBSVZ/RhbvL3fglGjKs7XwDdG8/eQVKyJzm2abHE03xObYA57Nu5ZdVRSc4vDiHPcBmBZxGXTssdi9ENCTnbUW72NnvBT26A7ueR3VyG+gIMvVeEshwE3IO1bSqNjZC90eK17ObjdmRYXtfbmpxK3um+cEEiE0Pb3TfKEokb2x5QgWyWyTGO2PKEcY3um+UIBFkhmZ3bPOakM8fds85v4oHFMKY6si+tj89n4qN1fB9dF/yM/FBIUwqF+kqf66H/kZ+KidpSn+ui88FBLPzTuK9dTnkN71voXio6lkx4uJwke7IBtz5TsAXtoWkNaDtDQDvAQPQhCClpbmDvx6CsoLV0tzB33uKy8KCGTR8UrhjY0m+22YSt1epRnxMfmhWYByhvVxzT0IKUeiYG7I2DxBTtpIxsa3yKbAnWQMETR0BODQlsiyAshKkQKhJcIugCmm6fZIQggloopRaRjXjrF1Wdq1RH/Qj80LSjCfZBkf5XovqGeRKNWKL6lnkWvZFkGR/lii+oj80I/yxRfUR+aFrpUGQNWaP6iPzU4at0f1EfmhaqEGYNX6Qf6MfmhO/wACpfqY/NC0UIM8aDpR/ox+aE9uiacbIo/NCuoQRRU7Gc1obuACuhVyrCAQhCCrpBt2jvvcVR4pakzbhRcWgpxR8oK3gTmxqTCghwIwKXCjCggMaOLU+BGFBDxYRgCmwowoIcKCFPhRhQQ4UFqmwpLII2NTrJwCWyBlkWT7IsgZZFk+yLIGWRZPsiyBtkWTrIsgbZFk6yLIGWU6jspEAhCECOTUIQCVCECoQhAISIQBQhCASoQga5CRCBwQhCAQhCBUIQgEhSIQKhCEAhIhAqchCAQhCD//2Q==', 30),
(30, 'data:image/jpeg;base64,/9j/4AAQSkZJRgABAQAAAQABAAD/2wCEAAkGBw8QEBUPDxAPDw8PDw8PDw8QEA8PDw8PFREWFhUVFhUYHSggGBolGxUVITEhJSkrLi4uFx8zOD8tNygtLisBCgoKDg0OGhAQGy4dHyUtKysvNS0tKys3LDQ3Mys3Kyw0LS8tLSs1Kys3NzU3NTgrKzcrKzErLSsvMjUtKzU4K//AABEIAOEA4QMBIgACEQEDEQH/xAAcAAABBQEBAQAAAAAAAAAAAAAAAQIDBAUIBgf/xABNEAABAwICBAYMCQoGAwAAAAABAAIDBBESIQUGMXEHEyIyQWEzUVJyc4GRkrGys8EUIyQlNVN0wtEXNEJEgoOhtNLwFRZDYpOilKPi/8QAFgEBAQEAAAAAAAAAAAAAAAAAAAEC/8QAGxEBAAMAAwEAAAAAAAAAAAAAAAECESExQRL/2gAMAwEAAhEDEQA/APuKEIQCEIQCEIQCEIQCEIQCEIQCEIQCEIQCEIQCEIQCEIQCEIQCEIQCEIQCEIQVNK6RipYX1E7sEUTcT3WLiBsyAzJuQLBeRbws6FJt8Ie3v4JYx5XALR4TPomp7yP2zFzsQDtAKDoan4QtGSC8UxkHSWAG38U52vtCOmTyMH3lzzR07BKx7Rhe17CHN5Lhyh0hfavyd6L+oef383ucg13cIdAOl/8A6h95Ru4SKD/d50Q+8s5uoGix+rk756j+tSN1H0YP1UeOWoPpegsu4TKH+5IvxTfynUPX58Z96jGp+jR+qReMyH0uUjdVdHj9Tp/GwH0oEdwn0PQCd7mj0KCThTpRsYD+2dviarY1boBso6X/AIIj7k9ug6MbKWlH7iH8EGY7hWp+4b5zz9xRO4V4ehjPLL/StwaMphsggG6GMe5PFJENkUY3MYPcg847hYj6Gx+SUqP8q19jIzuZJ+K9PxTRsa0bgE12WxBj0vCi08+lld1xh3oI969dq9rDDWtc6JkzDHhxNmjMZ5V7W6DsOxYT5D2ytbVk3Mh6o/S5BvIQhAIQhAIQhAIQhAIQhAIQhAIQhB5bhOPzTU97F7Zi52uuh+FI/NFTuh9vGudUFmkPLb37PWC6RXNlF2RnhGesF0kgEiCU1AFIUJEAkKCkQImlKUhQNconqQqNyCnMVsapHsv7v7yypGLZ1XZYSdZZ95BuoQhB8e1t4Qq6Gqmgjc1kcUr424WtxWabXJIOeS88eEGvJuZ5d2MgfwsqGvJ+X1P2qf2hXn2oPZ/lArrW412y18c2Lbe/O2qIcIFc0346U9RkcR/G68sonoPo+rXCNXyVMML3teyWeKNwe1pOFzw02IAN819qXMWqp+W032qn9q1dOoBCEIBCRKgEIQg8lwrH5oqP3H8xGudiuh+Fj6IqN9P/ADEa54QWKAfGx+Fj9YLpFc36O7NH4WL1wukCgQpEOIGZyAzJOwBVdH10dRE2aIlzH3sSC03Di0gg5g3BQWEiilqWteyM3xS48NtnJFzdSoEKRQ0tSJMdgRxcr4je2Zba5HVmmV1VxQabXxyxRbbWxvDb+K6CcpCoKipwyRx2vxpkzvbDhZi2dKraUq5GOiZE1hfPK5l5C4NaGxPkJ5OZ5lvGgukqJ5VSgq5HukjlEYfC5oJjc4scHMDhtzBzzG49Ky6nSMpnlibU0cAjkZGxksZfK8uiY+4+Nb0vsMuhBsOetvVl1xJvb6CvPSFbuqfNk75voKDfQkQg+VazajQVE8krZpI5JJpXOBDZGkl52DIjylZMfBa4nKsFuunP9a09N67xU9XNHJDJ8XPI3ExzXYrPOdjaykpOEmg2ObUN3xtPocgo/kofn8sbl08Qc/8Auq7uC4jN1YLdVP8A/a9H+UjRtudPu4k/iqFTwkUHQ2odujYPS5BR0dqTBTTxycbLI5ksbhzWNuHgjK1/4r7KvjFFrvFU1UMTIJAJKiJhc9zWkYpAL2F+2vsyBUJEIFQkQgVCRCDyPCx9EVG+n/mI1zyV0Pwr/RFRvp/5iNc8FBY0afjovDReuF0gVzho3s8XhovXC6NKDI1lmdxTYGMdI+peIyxhaHGAcqY3cQByAW3J2vCh0RUPbUyxSQugbO0VMLHPjfdzQ2OYDASAOxG3be5bZAvewv0FCDI0xVRxT075HYGD4QMRBIuWNsMloUtVHK3HG7E25F7OGY27Qp7pCgwaHSTInyxvZUYnVcpGGmqXsIcRY42sw267q3pxjzG1zGGQxTwSljbYnNZIC7DfabXNumy0b/w/gm4h2xmLjPaO2gyY5jPPG9scrI4Wylz5Y3Qlz3gNDWtdYnLESbW2beh+l9HCd8AewSRxyyPkDrWA4l7W5dObgtFsjTazgbjELEG7e2OrMZptNVseMUb2vb3TSHA+PxoM3QOjTTxuhwNaxk0hicLXkjccTS62eIXw3OZwA9KpPpaiOaZ7aaKVssrZGSOlDHBohjZa2Anaw+VembOBtsoqysZhOQQZci3tVRyZO/b6qxo6dz2h7Q52LPL0K7o2olpw4cXIQ4h2Ub3G+w+5B6lC81LrFKNlPUH9w/8ABVJNZ6r9GkqT+5f/AEoPkGvx+cKn7RL6xXnGley1j1c0jU1Es7aWf42Rz7cTILXO5ZbdSdLdFDMfFb0hBiXUT16ZuoumD+oSeOSMe9L+T3TB/Uy3fIw+hBn6m/n9L9rpvatXTq+A6E1J0nT1EU7qZ54mWOWwbiBLXA+5fUGawaQ6aGb/AInfig9cheXbrDW9NBN5jh709usVV06Pn8tvSg9KhYtLp4k2mpp4B0vdgLBvsb/wW0gEISoPH8LJ+aJ++p/5iNc8ldB8Lp+aZu/p/bsXPZQWtGH4+Lw0XrhdGlc46J/OIfDw+0aujigRIlSIArPp6J7ZuNMhc08faPk4W43sLbcm+xpvcnbkr6oRB/Hk8stu7bxga0WFrZljhuAI6em81qtd0zR9A6NxJwDkFmJl8UxxF3GSZDldWe12eai0TokwEEyY8MIgYLEYY22LRtzscWfaI7StUkDw5z3O2ulAbyjkZCWk3Nsha1gMio9Hwua4EsLLR4ZCS08bJccrI57DmbHldSa1NI55Q6K0QKexxl2GIQtuLBkYsQ0Z7AcR/at0KXRtPxUTY8YeGANDgCMgAM7uOfjTdGURjBDw04mxg2DQMm5ggDM3JzO0EdpS00OBjWWAs0A4dl+lImUvWsbk6c8qlWHkncrj1SrOadyrC/q9K4RZOI3Gy1RUP7p3lKx9X+xeILUCCb4Q/uj5UgqX90fKo0iCb4S/uij4S/uioUIJvhL+6KDUv7o+VQoQPM7+6d5SmOmf3TvOKaU0oB0ju6d5So3OPbPlTioJKiNuTnsae0XNHpQJNsO4r01L2NneN9AXmZ+ady9NSdjZ3jfVCCVCEIPGcL/0TL4Sn9s1c+FdB8L/ANEy+Ep/bNXPZQXND/nMP2iD2rV0WVznoX85g+0we1aujCgRIlSIBIUJCgEhQkKBCo3J5Ub0ET1SrDyTuVx6pVh5J3FBd1ePxQ3e8q3pSubTwvndsjYXWuBiP6Lbntmw8apau9iH99JWhUUzJMOMEiORsgF8i9t8Nx02Oe8DtIMHV6pijmMDKiKc1EXwhxjka/5U0gTnImwdiY4D/a5aesh+SS96PWCtVFIx5Y5w5UUgkY4ZEOwlp8RDnAjrRXUjZo3RPLg14sS0gOGd8j4kFkrN0mfj6Xrnl8fyaVTUtG5jsRnnlyIwyGIt38lgN/Gl0hQCbAeMkidE8vY+MsDgSxzDzmkWs49CC0s7Rx+UVXVJB4vk7FbpKcxgh0ss1ze8vF3HUMDW5KvU6MxSGWOaaB72tbIY+LLZA2+G7XtcLi5zFigg0R2Wr+2C3/iU6yNMiMVcr5KP4Y2Ohp32wwPMYEtQTYSEXJt0X2bl6Ojo2wtLWlzsTnPe95xPe921zj29nUAABYBIKZoldML43xxxuzywsc9zct8jkFDV6LDTt5oY9z5YmNdjZHE9xcxjT2gCNmQ2DILMpqd7p6gimpZW/CrGSV9pB8TFcAcW69t63qOkZCwRRghjS7C0knCCSbDqF8h0BU5dDwlzn3naZHY3iOpqI2l2ENvZrgNjR5EFufmncvT0nY2d4z1QvLzbDuXqKXsbO8b6oQSoQhB4vhhPzTJ1y0/tWrnty6C4YvoqTwsHtAufSgu6EHyqD7TT+1aui3LnbQP53T/aqf2rV0QUCJEJECpqVIgE0pSmoEKY5OKY9BE9Ua3mncVdeqNZzTuKC5q4fihu95WuFj6udiG73lawQOQEiAUFPSWkDDsYX/Ezy5dHFhu3qOLanV1aYzZoZlFJMS9xaMLLXANtue3oSV9VxdrsDgWvu5xwsAFrtxWIub7DYZHNJpGqYzDjYx1w57cZaLFlubfa7PJNailpzPSVulGxOjDmnBIyRxd0sLcGFpH+4vw77DpUb9LYIYZnsDRMW8byhaBpic9ziekNw5ntXPQrU83Ka1rA97ml4BIaGtBbtNjncty6upQVFcxsbH2bgkIAxkMawGNzuUbG2QI8aaRS09IjpRxp+PDMJM3FhjjnY1HFAnZnaxtfI5K8xxLQTa5AJtsvZQTVHxQeIwQ/ASx5w2xEbcjncqcbBkBkMhmB1BEmswQprk4phREM2w7l6mk7GzvGeqF5abYdy9RR9jZ3jPVCCZCEIPFcMX0VJ4Wn9oFz25dB8Mf0VJ4Wn9oFz25Bo6vj5XT/AGqn9q1dDlc76ufnlP8Aaqf2rV0Q5A1CEiAQsPTdTM6oho4pvgvGxTzOmDWPkIjLAI4w8Ft+Xckg5N67jOfpWqZLTMhezSJfDXcZxb4qdkpimiYHk5gObctIG0k5doPWJq8JU6Vnko4Ib1XH1MtU6Z1LikqIYIp5ByXNt+lxbL5ZXTpKqprI6MxyPgrIxVcYw3a01UDWtdHK3uHG+XQHXQe3Kic4bLi9r7ehfONIOfLR075Yy3FpOvfLHNBPVNjBNRZr44+U4AkAWyvboWvHUCCWkmbBO+Jujp4bU9HO0NkMsBtxRF4wcDiA5B6t5VGs5p3FXMVwDYi4BsciN/WqdZzTuKC1q4fivF71rhY+rfYlroHJLoSIGT07X87FsLeS5zLtNrg2OYyCfgbcOtm0FreoG18v2QlRdF2Uc0DXkE4gQCAWucw2Nri4OzIeQJeIZZowizOYNgHJLdneuITrpbofUozC3CGWu1oaACSeaRbPadgSlKSmkomkKYU4pjkEUuw7l6mj7GzwbPVC8tLsO5epo+xs8Gz1QgmQhCDw/DKfmp/hoPXXPhK6C4Z/op3h4PWXPhQaerH57T/aoPaBdDFc96pi9dTfaYfXC6EKBqEJCgqaS0ZT1LQyohjmaDiAkaHAO7Y7SfFRxMw4I428Uwxx4WNHFxm12ttsBwtyHaCnSII44GN5rGNyI5LWtyJJIy6yT406yUpECEqNyeVG5BC9UqzmncVdeqVZzTuKC1q52If30la6x9W+xf32ythAJClQUCJU0FLdAISJyBpTSnFNKBpTSnFMKCOXYdy9TRdiZ4NnqheVl2HcvVUfY2eDZ6oQTIQhB4ThpPzWeuog9JXPxK6A4avos/aYfvLn4oNjU/8AP6b7TF6wXQJXP+pgvpCm+0R+lffygRIUqagzKnSUrXSMZC55jLBHa/xhc1rib9AFz5FKyrkdiwxuGFkjhiY9t3ZcWLnI3F722Wtkn1NTK1wayFzxdt3BzQA0nM59Isct3byrumqy3KKMOwg5nkg32E3ve3Rbx9CBIJqkvYHN+LOLE7CGE5ZXaSSPL+CHR1IcLPcW8YTnxIAZiGTuTcjDi2Z3Pkc41Zda0QbibncghtjisM7u2HOwSNiqswZGZ2ANhduTbm2HM3DvO6kELoaohgLm8mRjnkSOaXt4sBw5Le6uetRz6LeRlLIDaUXMszudICzIm2TAW7OlWZKSYhoM5FgQ5zRhLuXe47Rtl0qI6OffOolIu42uRk62VwegtFu1c9tBPGwtY1pNy1oBPbIG1VazmncrrlSrOadyCzq12L++tbKxdWuxeP8AFbSASFKkcgYhLZKgQpwQhAhTSnlRlA0ppTk0oIZdh3L1lJ2NneM9ULyc+w7ivW03Mb3jfQgkQhCDwHDa62jAO3VQj/q8+5fAiupNbNGxVVMYJm4mPcLi5Gdj0hfGdP8ABpPFd9K/jWDMRP546g/p8Y8aDzmpAvpGm8O30FfdaiqYznute52E5DacuhfEtTqSWLSdMyWN8buO5rxb9B2w7D4rr7RVwxvsJLZXsMVsjt/ggd8Njy5Yu7Y05POduac9oPkU6oPfStIxSRAt2F0ovtJ6T2ySlOlqf61h704/VugupCqX+KRHZxjt0Mx+6l+HE82Gd37Ab6xCC2UhVcTTHm00v7Rjb6HFPwVJ2QNHfS29DUDymuCBSVZ/RhbvL3fglGjKs7XwDdG8/eQVKyJzm2abHE03xObYA57Nu5ZdVRSc4vDiHPcBmBZxGXTssdi9ENCTnbUW72NnvBT26A7ueR3VyG+gIMvVeEshwE3IO1bSqNjZC90eK17ObjdmRYXtfbmpxK3um+cEEiE0Pb3TfKEokb2x5QgWyWyTGO2PKEcY3um+UIBFkhmZ3bPOakM8fds85v4oHFMKY6si+tj89n4qN1fB9dF/yM/FBIUwqF+kqf66H/kZ+KidpSn+ui88FBLPzTuK9dTnkN71voXio6lkx4uJwke7IBtz5TsAXtoWkNaDtDQDvAQPQhCClpbmDvx6CsoLV0tzB33uKy8KCGTR8UrhjY0m+22YSt1epRnxMfmhWYByhvVxzT0IKUeiYG7I2DxBTtpIxsa3yKbAnWQMETR0BODQlsiyAshKkQKhJcIugCmm6fZIQggloopRaRjXjrF1Wdq1RH/Qj80LSjCfZBkf5XovqGeRKNWKL6lnkWvZFkGR/lii+oj80I/yxRfUR+aFrpUGQNWaP6iPzU4at0f1EfmhaqEGYNX6Qf6MfmhO/wACpfqY/NC0UIM8aDpR/ox+aE9uiacbIo/NCuoQRRU7Gc1obuACuhVyrCAQhCCrpBt2jvvcVR4pakzbhRcWgpxR8oK3gTmxqTCghwIwKXCjCggMaOLU+BGFBDxYRgCmwowoIcKCFPhRhQQ4UFqmwpLII2NTrJwCWyBlkWT7IsgZZFk+yLIGWRZPsiyBtkWTrIsgbZFk6yLIGWU6jspEAhCECOTUIQCVCECoQhAISIQBQhCASoQga5CRCBwQhCAQhCBUIQgEhSIQKhCEAhIhAqchCAQhCD//2Q==', 67),
(31, 'data:image/jpeg;base64,/9j/4AAQSkZJRgABAQAAAQABAAD/2wCEAAkGBxMTEhUTEhIVFhUXFx0YFxUXGBYXFxkaFxUYFxoYFxoaHSkgGB8lGxcVITEhJSkrLy4uFx8zODMtNygtLisBCgoKDQ0NFQ0NDi8ZFRkrKzcrKysrKysrNy0tLSsrLTctNysrKy0tKy03Kys3KysrKy0rKysrKystKysrKy0rK//AABEIAPEA0QMBIgACEQEDEQH/xAAcAAEAAQUBAQAAAAAAAAAAAAAABAIDBQYHAQj/xABHEAACAQIEAgYGCAQCCAcAAAABAhEAAwQSITEFQQYTIlFhcSMygZGhsQdCUnKSwdHwFDNiglOyJDREVHOi4fEVY4OTlKPS/8QAFgEBAQEAAAAAAAAAAAAAAAAAAAEC/8QAFxEBAQEBAAAAAAAAAAAAAAAAABEBYf/aAAwDAQACEQMRAD8A7jSlKBSlKBSlKBSlKBSlKBSlKBSlKBSlKBSlKBSlKBSlKBSlKBSlKBSlKBSlKBSlWsUOw33T8qC0eI2duut/jX9aDiNn/Gt/jX9a+Zv/AAjD4S2H9EZA/wBJxKhw5KgkYXDCc8SO1c08tqx9ziJuw2XFYlCYJuNaW1IiZt5HW0PHMIGs86D6rGPtf4qfiX9a9GMt/wCIn4l/WvjTiWCUBrlklrXWMkkRBGojU5gV2O+hkDSYdnDs3qqT5Cg+2Rik+2v4hXovr9pfeK+NLHBLp3Rx7KrbgV3/AA39oHymaD7J61ftD3ivesHePfXxgeB3/sfEc6iX8I6espFB9tZx3ivcw76+MuFYKzCXMQzC21zqwF3MZTcYn6oVXU95mBGpGXxWMLFgbd7DWwfVFq1dsqpMDMuRJEkdo5ifE7h9b0r5c6LcG/iMTYa0oBW6jm5ZLNhmCOHbOG7WGeNgwCkwAqjU/UdApVu7fRfWZV8yB86jPxewN71v8S8vbQTaVBHGMPt11v8AEKu28faYwt1Ce4MpPzoJNKUoFKUoFKUoFKUoFKUoFW8SYRj/AEn5VcqzjP5b/dPyNB8l4/ihxF4i6WF5ggDBesS52FCLcta9+hQf2kmarHB7ILC62FDrm0S+wErMhpJ7tMu8xV7iyLg7QuzOJxKL1Ub2bGQI1zwe4cyqeSqx+sKwnR3hvW3BOwNBleG4F8SEUoqWlJK20BiWiWYsSzMYAknYACAIre+D9FwAIUVkejnBgANK3TDYQKNqI16x0fHcKqucCWtpFqqLtiqNVu9HxG1azxvo6pBkV00JpWG4rhpqDinEeHvhwyhFuWmILW2zRI2ZSpDK24kESN5q8nDLMKtvLfJgrZOLAUs3JUFtWaJiMwbfSt64xwsMDpXK+kfDupuSNAfnRW29F+kC28Th7YYPN62osWg1nCJnuBCzjR8S8fb0B5sNK+k+LMRZuEEg5TqNDtyPKvlfgVzr8XgsRp1n8VZS/pu5uqVu+bqGn+q2xPrV9TcZPoLn3TQc1vXiM5OsAxsDoSBJINaRivpINu8bZw0jQT1p0nmRk15aeffptnF7rKl5ra5iATl5kAnMF8TqR4xXE+K4hGxAcGVkE+U6iO/woOgj6Qi18WRhgNRJNyd10gZBG47+dbk7kqu0ETED5xNcW4eo/i0MHQKSG30UAT4xBjvrszOMqfd+B2oOldGf9WTwzDv+u1ZSsP0UJ/h1neT85rMUClKUClKUClKUClKUCreJEowP2T8quVbxIlG+6flQfHvTa8Xxt2RlC5Lap9lLdtURR5KBW5dCOFwoka861vpfwm5a4hF3JN2LgymRBJXnsZU10zopheytEbL19vDWTdumFXcgFjroAAokkk8qzOBvpcRbltgyOAysNiDqCKwvErUth0Ny6ga6V9E722LCzcurLKQYi0+nMkVThOhGHtrlt3cXbWScqYq+okmSYDbk0GzZa1fpZ0hfDXbIS11lrtNiWAebSZSysCOzIVLrldTFvYSDUodD7f8AvWP/APmX/wD9Vau9B7BzMb2LNwiOtOJvFwMpWNTlIhmEMDoT31Rl7rqis7sFVQWZiQFAAkknYCNZqDxgEW2dFzkKWVQR2yFkAHbXT31a4jxkWpsrhMRdeMqWxaJtuNhN0+jVI3LGQNxOlRR0ZuC1ZVcXdslLKWnWzkKHJmIK9YrFYzMAdyAs7VBCLLdtpcX1XUOPJlBHwNc96e8PlJ7jM10wYEWraWlLEIoUFoLGBEkiAT5VqHS+z2aK0r6LrRfiWGt8nuLm/wDSYXwfY1ofEc6+p+NH0Fz7pr5o+ibhty5xJCijIjAuxLKAMykBWCt2zE5SNVD6gSw+meLJNm4P6D8BNByvG3FQXCxgbc92Jjy1geZrl/EeAN1gxAQdWILnxa4UUx4tFdRxdgOLqMJDIwIPOZNaBiOj2PNpra4tWsQDkzQ5CvmC+r6wOskgeNBrGEtt/GLIjNvPIRBmJjURXamSLdody1zW3wu9ae36K2q9XcXNmUs03CwLc5jKOex11rotoTatbzlg78uc7e6g6L0SecP/AHH8j+dZqsN0TSLHmx+ED8qzNApSlApSlApSlApSlAq1ivUb7p+VXatYtoRz3KT8DQfKfSXiy4niFora6oW0S3EyTlBOugiM2WOQUV1boxb7IrnvTi9au4/C37e920GaQFYlWe3LAfW7JWeeQGul9Fl7IojPW8OGylhOU5l8DlKz7mPvqFisM5XFC2j9ezegcAiD1NsI3WRlChwSQZkBhlMwcvYFZC2Ko1jiOBvsxyDSbx7UxB6kLkOdcrx1mQkxIO0yK8Sl828VkcgMvow6OXP+i2xK9pcpzyIj1ga2Fm1/f6Vae33j20GEYXusF0KciHJlzMGZNrjdXlhjmCldZi3p65mJiVxBtPb9IOtD3BcOjWg5Zja7wwLIF7gzf4euyoasYw6VBgbjloYgiQCQdCJEwRyrVOlq9g1umJA3rTulfqHSioP0Uk21Bu5zYvXWuLkRiFuYe5bgO6sCmYKTqYOSIMkHqmN6VoVZVtnUESTG47orQuA4IYbDphwSX1d5k9t9WA8AdPYOZrKOCq5vfHPlp40FnMC5IOkHX2VfwVoGwwI3X5zWOv4cm5lBKmJMakecVewfCMaTNrMyHQZXQAneIYiDA7ql4KeM4cC3Z0GisP8Al/6VVYPobXkfnTi3CceIzW7uUbyykAczo2lQbWHYgRmaNysED9PYKXg3rg3SFLVsIVJAJOYHv9lbHw3itq9OQ6jdTvXM7V0FRr7+0d9tOfhUvC44rc7JhhqN5G3f4cqo6fSrOEvZ0R/tKD7xNXqBSlKBSlKBSlKBVrFDsN90/KrtWsX6j/dO+2xoPmPpbw9LfELDpdZxdQOFKZAiR2FXQCIjSARGo1rq3RUDIvl+/mK5L0jxeMfiSW8auVrc5AAAMrHNmBHrztmk+rrqDXXuiqdhY7v0O3kRRGw21qWu1Rl7qk26o9Vda0zoD0huYo45LxOaxinUEwALbFgiafZyMPdW7ruBXKOgvS3DWruIt3Lpz3sRqGti2VuMzliSJDGSq8tQNO0BUHS0qNjqloatYxNKDDXzpWvYrD57qgRoc3tGo+MVsWI2rCG5luZvA/KipWDsuNwvnpP61d4gri2QgljA5mJOpI56cqlYS4GAPgKrxFzIJyk66xyHedKgwV3CtmVAgdYg9rLB02Hv0q02BKMWDlBMagg8tjmB17499ZYIobRVYMwLNmyiSCZMbjMAACDqxqLjcV1ltCQ1uSGy6LcXXQNm012Ig7nXnUgxzWgQ+e4M49ROuXMZAOozd+x0r3E8PuahAxUbMRnkQOUzpMd2nKpa27gYNbxMd9tlDLAPaIGYFp30IIjnsZRu2Hi7JYlQM2S4FOjQcu+1x9vteVILOAwaOCTBjKBD7dgE5e1KyS1eYnh5ALLy17Tu+kkndjG59/lUvgGFKWghMhMqLO8LbTtNOstOb21Ix9mUIBjy7jofZFBtfRW4WwtudCARB8GIHwistWI6KMDhbZXYyf8AmNZetBSlKBSlKBSlKBUfiLEWrhG4Rj/ympFR+Ifyrn3G/wApoPnDpRxb+IxGBLp1d9VuG4gBGVS8W4B1UMFNyOXWTsRXU+iY7A8q5h0w4ZbtcRsMljqjdRrlzt5gXLmYEkCNpWFPICun9HMwtdgAvl7IYws8pIBgew0RsTMqxmYDukgfOr1hwdAw94rn/Evo7v4ol8RxS9mb6tpMloeGXOc3mTNapxb6LuI4dScJjHviJKKz2rh+6ucq2k6Zge4GqOlce6c4bDs1sXLfWquYB2CKdSOyWjPqDsQNCM0iK4FheGW7js1zE4YOWLhTcyo8mSrOJCjbQ95EjcQLuLu2vRXFtuELAC5bVokywBIDL2p7OkEmQDNU4biMsq/w9kgsAQtsEmTEAkmJ8I8xUV9LdGcT1llTKkwDC6CCN1U6hTyrK4odkjwrROif0b27Cg3719yRLWetZbIJ5EJGeNBroY2rJdLOD28NhbmJwoNp7C9ZlVmCOqwXVlmASoMOIYd8SCRkcUnZmtcvE9ZpEwd/Ktis3hdsW7g2uW1cf3qG/Otduj0woq/gbuhy6ZToD3d3uK1L4nbzBJUMobM2aMogEgkHfWBsd9qh4cgNoNGb4MIB98fCp9letdLeukMw+7Eg+cge00FlrHZOTKM4zHQBmAAAIUDTQCAd/DevMNgUmF6xiNpZxE66wQBy33rOW7GZiTsDoIYaxvrHw08zUrLQa/c4aoGoZeclgVVgANCQYUxuY+MVG4lw8MBmZWX1SDJRsxkZh9WeRMg5tCJFbVkqDfshdGkoQdO1pJ1JyqZ0J1Jme8mQGP4ZCrk2KwMu2UBQiacpVFMcpqvF3IViTAAJnu03rzD2gpcZQGzQxAALQIDHv0Hwr3EDQ+P61BtnRZYwtoRGh0/uNZWsb0c/1a15E+9iayVUKUpQKUpQKUpQKjcS/k3IJByNqNSOydQOdSagcfUnC4gKJJs3AB4lGig+bOO8IvYfisXrpuh8zW7hzaqXaVhiSpVswK8vbXY+iv8ALHlXI+OcWe9jrNm4wa5Y6xbj66sbx7MkCSiLbUnvVt9z13ox6g8qI2FP37dPzqpxGvKfzqi0f35a/lV9lkVRxj6dOChLlnFW1jrcy3REyyLKvA1kpmBP9C1pXRe5OLsCUINxASLbg5QZPaMbjn4jlXTvpuugYfDIVzHrWbL2fq2mWYYEHW4vKuWcDsNburmsgkNMkICpiQRuQRMwPDzqD6Sx2Nt2FZ7rqiDdmIA+Na1xXiNziNprGEtN1F0ZbmKuApbCH1jaDCbxiYygqZEtEg6zjieJ8c/h3ObC2EW41rQo/YRwT5s6jXkGj1jXVSulUY65YVLaoohVUKo7gogD3AVqWKjrh7fyrcsYOzWk8QPpffUVbFyEgmICmfI6f5PjWd4ZeBvOhnW2fu6lQRHn+dYDEWpBWJkEe4tHzrL2zli4BqJ02kGdPOJoNisHsSgWSTMyoknUkamecfGiWXAgOI7ypLe/N+VR8LiJgrrm3EGT4gfVjmNYkDQQxn5x3j39wk/Cgi28DlAAbshs2oGYHvBGm+p0kyZJkzU9kKgAEwdDC6eI0yr8ByqQ1wD3xprrEx4GsfjcVl7RAJHqKRqDG5PIbGD4bHQBDL+ku6yMwH4VAPL7U1ZxlzTQ1TaEDeTuT3k7mrOKbsk9wJ+FQb/wL/V7R70B131E6++p9QuCrGHsjutr/lFTaoUpSgUpSgUpSgVE4v8AyL3/AA37vsHv0qXWP6RZP4XEdZGTqbmfMSFy9W2bMRsImg4J0uxiXOJWAl9Lxt2mV8oAyuLrTJBIEmTkGizA3rpvRkdgeVcu6R9HUw3Excsz1V7M4GYNDZiSFYespEMD3NB2rqnRn1QP3tRGesipdtdI3qLb3qjjWFu3cPct2L3U3WXsXIVoI2kMDodjpsdKo4D9NPSQX8d1dlzkw69XKndyc1yCNxoi+aVoVvGXFMi44PIhmB981s3FugnFEZjcwd5jJJZALmYk6kZJmd9udYsdFscTAwOKn/gXef8AbQdE+iPHZ8e919TfsZc2mj2urDIe7Rcw/pI5zXaQa4b9G/QHiFvELevBsNZUhmBK57kGQoXUr3FjBAYxvXbydKgh4s6Vp2L/AJ4nx+RrbcW+hrT+IvF0Hz/ymirpInyk/v8AfKpihSoJiAZE7CNj8axT3YJ1Gn/b86nBibZyyWzQAAST2hoACNTtuI3kU0HxFzUW2jXQMsiQNWOkjcbEHXQgzE6zxdgsOpkTPNe7Qxm1HeTWDxeKuWrnbVYRO0oGVl+sfrlWgLI05GCBJq8wVFOQdnZhrIMkyZ1JMmZ1Mg1BkcTx5sv8thMRtBaJAA0ZToAJI1jmawV/FPdt239Iwu9kLlyhSSYJA0Ew2reGxNXMVi2tGzaIRxcAUNJYGEXOGAEAjMnPXw2FXE8OlsBwCrnKlvuU3D1auq7ADMT5A0GVwzAouUyAIB5GNNPDSrONbsnyPyq5as9Wot6QoyiNoG2XwjbwirGLbT3fOqjpvDBFm0P/AC1/yipNR+H/AMq39xf8oqRRSlKUClKUClKUCsV0st5sDilzZc2HujN9mbbCdxtvuKytY/pFl/hcRnML1L5idgMhkn2UHzO/Fi2OWwM4tWC9tQ8ZpN53dmA0BzMwAGwAEnUnsfRu72RXz/ib72eIXS4Gdb90MDrDFnUn2Ez5iuzdEuISBrPj599EdARtPLbx8KlW6w4x6jQhzpyHhOnvHvFXrnEVIKy6kiM+XRSVGszGhIB7jVGTZ+W086a99YO7iT21625ILDOLcgE6D62sHUA+2avXnOXOLzhTp6k7CJE66lWMnefaQyOIBJ35fv5VZB0rFvj8pBN64QBB9GJaD6xO8agSNPbNXRxO3A1MExPKYnXu89tDQWcS29ajxE+lQeJ+R/Ss/iscpBYTHiI5T8iK0/G40HEIoOpzD/62NRV67IBkwcvgNmDbH2D21mbKnqrgBAMXMrMFIBKnKxDAggGDqKx9y0V0jN6MnXXUbz37bf1VdxOIVcPcNxM6/WQxBBKqZkHTmdNpoIfCcZjrqq5vDII0e3YzspJyLIRQpMDYaZuca5lmxIE9aHEj6ltWExABAgjtLyB1meVYjDNmVrUWrZARwQTdtQLhyuCwUsZWCDGXQjeq8Kz27Vu3mJdQBEdklQFkkkjTKsc9DuZqC+bb3Xtu5LLmOQlAzIfEEqTmQDUmQ20yAJHEsUYti2nWJDyrIlyQmZicraAh1Pu7zWOvJcA6u0crHUyQrC4IeVg6rc6snQxKGZJMV2uIF8lzOcrMrCAPrgKp7o7OYjYzPIQGXe5KhidwDOg5DkKx+IvdoiOR/L9DV6+0W1A5KPgB+cVDuEyZ7t+Z9b9auDr+GHYX7o+VXaptjQeVVUClKUClKUClKUCsF07WeG40d+FvD32mFZ2sP0xsl8BikUEs1i4oAEkkoRAHM0HzN0xQYkPjE/mWrhs4peejFbN+O5lAVj9pR9qsl0F48ICMdR8axuEwhw2IutmN25Lh7Fsp1YRmIK4q60ooImUg7alSKvWGwio2S3h7V9lhSMVcIVtDObVAOUFjI+tQdl4Zic8ekZfAMR8Aa2DDrDFusYg/VbYak9nbv8dAByrjnAuPNaIt3hlaAQJBDKwlWRgSrqRswJB7637h3HgRuKqNmv2GdpFxwIjKpIGhmd9+VU3LLyD1raRpyMEdxG8QfbtXmHxSlQdhz7gQdj3cvdV3+IQhoOwMkd/dtqf3zqCm+5IHaI1mfI7b86gsxUSbrHSDOo9aZ7JEHlpy7qiYzikCZAGupB3jbQ+I99a1juMvtzOwCtJnYgEmfdVDjuPgQWLHWWMj860PhfEhd4nYSZUZ5/8AZfSpPF3vYg2xbS4yNrcdcoyKHIJzMQgYhWIBjap/RbhGHt3etsKzyWUucRh3ywhmVtuzNJZe4Ar5VFbGcWDcyayBmA3BUgjfkSZ08Km4bDwmUOQTPa0kRAB7WhPPUVaQCpdq2wzPGsAAMN9e7zjWD3c6CIeHaagsSILDeO4AaKOeXb21ITAuABlbfTSZJM6d+p2qlbbpc11UEyo0LQPtNMcthzFSuI3GMC36MDQ9lXMseZIjv1rO0Y3FcDe4QBbbQhiIYSJQ+z1Y9p7zVnAcGe3Z6lyW7GVmOn1ApPvzN/dWRsvAOe5daBoB1Nse/Kx/7irC3Ln1su5IiQRroDyYeymUMdZ230PISNBPLwqzbw4Lanu08hz9lVqp11/cRP8A2r3CWxnGnP41rB1ylKUClKUClKUClKUCsZ0mdVwl8sCVFtpCkqxEa5SNQfGsnUbiVrPadYmREd9B858d6viDOVY4kB2YdSBaxlvf+ZhmOTEgDIM6EMY1asRZ4SogPctiwgi51mDe1cAjWbmQw/d6TVoABmD1lOguBUmcNbdgdcsBV+9cOnsHvqrE9FsHdIFy1aJ2WTeePDtSI8iKDgXEeJgrZt2i2WwrKrsAHbO5dpAJCiWMLJ5mdYGR4X0tuW9GkjvH511x+huCG+FteGkg+VE6F4M7YS1+GgidGOmVnEIIuKt0AB0aQWgQGXUHURO/lzrIcZ6XWcOkvdQEepaWBJjQnvAOuw9ulVL0CwZ/2W1+Gqz9H+D/AN1tfhoNJx3Ti0xuJ1gyKqjl2grJmyn6xOXT701jL/SPPcINxJa9bACuCBbDXHJzd7HQjkGUaaiuiXOgmDH+y2vw1YPQ7Bf7pa/DQaNwK1ZxSWLQvKXW2A1hmIL63L7lCu7O4towMNFudQRUnhFxDisL6bClhcuvFpSSXZTIPVqLZAUr2iSTk03NbzhOheABV2w9sbsAoObsyZBBGXUd86e2sk+AtMZ0PgWuqdP6s5n+40GItYqbrLckKPUKqgOizJGXbQnepli8uRSAQhYLrABBcerGugDSe+TzqVe4bcJJtTscykAMsggMGkBh8e4VjL2CxAKr1Vx9d4KgRP8A09XuoMk19Y2GxzGRuzBW1G0CPOo+MQs0i8QAxzKrakyDEDXkNdYGaq8Rw69lgJc1A0GYRA1nbUkztyqKeHXf8O5+BjQR8SYBhiYG5JLaGdIiY7uYG9QrHE4dFK5g4YyDoCHGgBExDoQfAzroZ9/h97TLauHWD2CNO/X9apwvDL5EvYuA8pGaDPny7J8/KaCHjcbeRWZbIYZgFbMANVUnsxMiTWS4UudrbDWSNPMxpUa/wm88Hqn1ABXI0aR4jmNK37ot0a6kB7sF+SjUL7eZ8tByneg2alKUClKUClKUClKUCrOMPo2nXsnw5VeqzjR6N/un5UGrYr0h7xJhRoR5DZvPfvirYw5jdoA+yM0e+YqabOUZvrEnL4CfW/SqsNZJ3JjukxQRkwmbKIgAad5kySan2cEByqZZsgVJC0EMYWqv4WpcUMUGOu4YVCvYIHurPEVbZBQay+GiAQdNiDBGs6zvqfCry4KSA2dhPgoHidSfl51k7+HBqHh7GW4P3yNBJyADKBAGwGgpk76kBOde5KCwVr3Iavlapa2ZkGgjvbqhYEDv9n73qWUrxbXP970EZ1/c1NwN4iAdvlVprAPKq0XUUGTpSlApSlApSlApSlAqi+sqR3g/Kq6pfY+VBhLyZmPw8qmWLNVC12qkotBRk8KqCnwq5FexQWWHlXpHlP7/AOlXMte5RQWjPhXmQ+FXctIoIzW6sdT2gf3tU4iqCutBZivclXctI0oLQt16yT4eUfpVcV7FBQE8R7QP0qnq6uFa8VdKCjJXgWrxWmWgkUpSgUpSgUpSgUpSgUpSg8yjur2KUoFKUoFKUoFKUoEV5Fe0oPIpFe0oPIpFe0oPIpFe0oPIpFe0oFKUoFKUoFKUoFKUoFKUoFKUoFKUoFKUoFKUoFKUoFKUoFKUoFKUoFKUoFKUoFKUoFKUoP/Z', 31),
(34, 'data:image/jpeg;base64,/9j/4AAQSkZJRgABAQAAAQABAAD/2wCEAAkGBxQTEhUSERMVFhIUGRgYGBYVFRYXGBcXFx0aGhcWFhgaHSggGCAlIBUbIzMhJSktLi4uGB8zODMsNyktLisBCgoKDg0OGxAQGy0lHyUtLysvLS0tLS0tLS0tLS0uLS0tLS0tLS0tLS0tLS0tLS0tLS0tLS0tLS0tLS0tLS0rLf/AABEIAOEA4QMBIgACEQEDEQH/xAAbAAEAAwEBAQEAAAAAAAAAAAAABAUGAwIHAf/EAEYQAAICAQMBBgMECAMFBgcAAAECAAMRBBIhMQUGEyJBUTJhcUKBkaEHFCNScoKxwUNikjNjwtHwFSSisrPxNVNzdJOjtP/EABcBAQEBAQAAAAAAAAAAAAAAAAABAgP/xAAhEQEBAQACAgICAwAAAAAAAAAAARECITFhEkFRcSIy0f/aAAwDAQACEQMRAD8A+4xEQEREBERAREQEREBERAREQEREBERAREQEREBERAREQEREBERAREQEREBERAREQEREBERARE8Wvj74HuJATW4t8J+Nw3Vn0bHxr/EOvzB46NifAREQEREBERAREQEREBERAREQEREBERAREQEREBERAREQBkF3yc/9YnXVP6DPzxI0Dh2npPFrKhtjghq3xnZYvKtj1HoR6gsPWdO73a/6xWSwCXVsa7q858O1fiGfVTwVb1Ug+s95mY7xs+juXtGoFkwterrA+OrPktA/erJx9Dj5zUm9DcxOOk1K2ItlbBkcBlYcgg8gidpkIiICIiAiIgIiICIiAiIgIiICIiAiIgIiICIiAnO+wKpJ6CdJSdu6rqgGQo3H2yPMB92M/hLxm3EtyJHZj5aw+pZWPJI5VQMZ6Dy9PrJ8qexUC7wOnHr82/5yyLxZivZUe0j62msoyuoKsCpUjhgQcqR65GZ2Dzh2haBWxP0kFJ3CoWtL6q9wqruKqpYsFyqswUtkgZbOCT1M1Myf6OH3UX2fvam//wABCf8AAZrJrl5CIiZCIiAiIgIiICIiAiIgIiICIiAiIgIiICIiAlD26vmJ5wQAeOoK2ZxyOeBL6Vfbf2R6ZyfoOP8AiliVmR209Pi5rCitQXZju2EjfsOGG5vMo4wvnGCRxJdOr1tihlSpdyqQdhIG4Z4LWjd19VHToJn++GoVF1+QelXQ9WYAD65UY/lE1HbfaraOmpmpa0sVrWunLMSFJz05GFPQRVcb+0NTp1L6gVMmMDYrI276mxgR+HQx3wbfVXWpcl7VwEUMTtBYqQSAOP8Ar1lZ3r7Z8bsz9YWvCOqtgth13HHIxg4z7iXleoTxthXLHc6NgHaEAVxnORkqBwIH5+j2rbowf3rdS/3PfYR+RE0so+5Fe3QaYHqa1b/V5v7y8i+QiIkCIiAiIgIiICIiAiIgIiICIiAiIgIiICIiAlV24ThQBksSo+vB/oplrKvt5TtrI6iwD6b1ZAfxcSwfPe9FJ1DakacG0WeAPICwDVOquDgcEefj5TRd/u1bK6qrNMVWxX6XbK1ZCrBhi1kzzt6HPEj9zdPvv1abiq1uAqKFCgNk56Z9D6yJ+lXUCgUbK0JYtkt4meAOhR19/XMVI86jfb2SEYNZay5YoPEUvvLP56sp1J6HE69k9vUNcWNyFv1cqi5wWs+K5VHUkMrA/MGSO4ZF2jViqo5ZhuTdkYYjP7RmyfrmZvtegpYKLGNnh6PUX+bhksXis5UjdyT8QPw8dTGar6j2DXt01C+1VY/BRJ856evaqqOigD8BidJAiIgIiICIiAiIgIiICIiAiIgIiICIiAiIgIiICRO1Ki1ZwCSCrADGSUYNgZ49PWfrdo1Btptr3Dqu9cjHXjM606hHGUdWHurA/wBIGJ7s3irW6nIJS4ghkV22FSTst8vkO1wR6EevTNf+lqlrvA8I1MV35DX1VkZxg4dhxxJ/YnN2u9v1hP8A+XSz5r+lxR+tV8f4benzEo+k/o9qanRDxApO5jtqcXHBY/8Ay8joZSGuzU6+2xa3HiVLp1rZSroCwZ7LVPCJ8eOctjgT3+hpf+618f4j/wDmaXnZn/xm/wD+3o/9TVRo3MREgREQEREBERAREQEREBERAREQEREBOb3AKWJAUZyc8DHXJnjWXbFLfh9Z897KrZNVTfUWAay7T3qxAy6BxXaVHBP7MDPUgpn3gXXb/f8Ao0zINrWBvMxTqqY4fB5OfQccAn2zpuz9fXcgepgyn1H9CPQ/KfO6uzEPallWpRXru8SyoEkYKJRuDbSNwIsbAbOPDOMDifmt0l+m1Btptxp23OEzsZAedjIcZAKNjHIGRgZOaPprHE+a94u976mw6bRllq5BtXKvYecrWT8A4OX64BIwOZd91u9i6lAl42s2QCRtWwHONmevH2eGAwcYIJ609lUULa1oVd3DWZIZkPRdwOWyR09ePYRFZjuu+mqtY3BFXBCBUPh5bKu7kZyxH2j0DMM5LEx9Jns6/ZQ5bSgb0d7AK1rfO0s3qBg+U/FtyCMywbs4GzFdbIh5VAQ1p+ZJB2f29fQyR/2Fp1IfUhrLFO4blNzDP2ssCASBjIGeOs3OH5a+P5ctHrFCi6h0sS5yP2IBFhAWtOoAG1UVcjGQnr0ld261FgV9VoA1pyALF07Mq4J6rZ9Og4z1mjs1Gls/2NiixcA5cbyo42kMcgj06TvTcQQG4zyGX4X9j/7/APLO8i3FL2DrRWlY0ujZEJ83htplSsk/aw54znkc/KaXQ9nrv8VceOwCs/LHaMkKC3oCzen2jxOF2mLg4Jzg4Hu3BUn6YI/nknu4xKFj77fw6/2/CY5bp1iStdqfZ3D/AHbEH/SeJJ02q3HAc7v3XUA/lidwYtqDDDAEfP8At7TLDqj546Ge5U6M/wDeXUZxVWvJOebSeD9BUv4y2mUInDWatKkL2MFRepPTngD5kngD1JlZ2V20bmY+EVrzhcnz8Y5dMeXOc4ySPtYOQAuoiICIiAiIgIiICIiAiIgVPeG8IgLHjPQcknGAAPU5OMe5EzyaxP2QsdBa1qkIpztGWB3sOMgBuTjOG44l3rqvE1AB5VF4x6HqxP3FQP4jKTtDQCl66wF2lg6AdVWsIuG//JYM/MCFWOrTFlbhNzZ252klR9rGOhIOOeMZmG78gW6tFcAqaamGDnDE2nOR1+P78CbjVoxpsCkBkbI+ShVDDj02s0w/aQVrEblmChCx6FWawqQPQneTj0Xbib4+UxT9m3102202Pl7DQVIQsU8NiQx5HmJdtqg5JbHrNxoA9nh+Lbvt8LxuXBZFLMCwQYGSFTBAxndg465Xu/2ctjK7cWYZFPqAuQzfyBm5/wA07d2dWX1ldqjB1BcLnkpo9PW1ddYJ+HdYrEkdfCWXxdanT6boKAgA27d3JJ6t829fu/IdBkv1/wAXUWt6N8P8KHaCPqCD980i59+JXWdnV53VqFYAjyjAwcZ4HHoPwmp1WsRnAbG9Q2Om4cj6N1H3GSKLUVCm1iOcJkH+UE4/Pp7yJVYG3YPwsyN8nQ4YfcZ7z/UTYsOyrGKncoXDAfFvOCM8nA/KWWnQEN1xuboSPXnp88yqpfajH/eJ+akS17P5rz7s5/F2MnKfx1yn97+ns1D5n6kmfhoX90fgJ1M8M2Bk9B1+k5ujMd2u2tt+raz4G1Lop4OFpCVg8D3B4Of6Tcq2eRPnnd2nfo6mPDWb7fnm12f+4/KavsDW7l8NviX+n/X9x6S8uP8AHYWdbFV3ivP6yVGCyJUyZ6V7jcLLAP3vKi++N2PWd+xezBXuqLFmZcsQNuOmVHJ+QPP2frPT1B9ZcT0RKAB/mzYw/r+cqqe8Ff6wxpVrdgsrNgLbTYWT9nVWB+1K7cu/RMYzyZzt+mWy07ckZ49B7fISRM52N2huyrHFifECQTtPKsSOCcEZwTj7wTe6S8OoYesiO0REBERAREQEREBPwz9iBkn19lWoerymyzLhsAHG4hawCccKR5/XH4VvaGluudQ1h5bAes+apsFVPqGXBBPGOuRNZ23pgULjbkDncoIK5Bwc9OQD904aSlK1UAru+I5I4UEk/kcSii7K7wqVCakBLG3JYR8AesqLAfUA5DA9NrKeMyq7waDbyhDs4RhjGWYO27HPmwAoz7bZ27f7IdbFsVT5yamycZf/AAXHphlbwyfdKhO+n7JQ1spbz1q7gr6MACB9xXP4+8sFR2Bo7Ct7IB4ltdldPm4ChCVLexLWWHj98fd57q9lumtQsjLRVR4aucYJREQ4+rM5+eTjMndwb9zj/JUMfQng/irD6KJpu0NNih9qhvDbcVI4avqV46YVuCOhUS3vt05TLHVmX5n8pT95O3V0unstGN6jFajobG4TPvjBY/JDIHYPYld9rt41o8FijV5G4blDcWeqkWYBAB4x6S87c7p02pSuNq1Pu5JOcjad2ep4HMznLe61eXHOmM7jO4o2WZ3NusBbqw3YY/iy5+s0bDiSO39AtQ09iAAV2eE38GoAT/1BUfunFOo+oneXWI9619tJP+9r/Pj+8s+xNT+xqz6op/EA/wB5R952A0tuCCFvqBwehypIPseZZaYbaax7V1j/AMIlt3jnv/Ek71eZlX3m1Hh6TUOOq1WY+u0gfmRPek1eODIPfFs6YoP8Wymv/XYgP5ZnKtHZ9Hh1V1/uIi/goH9py/XVrt3hxwcMAeQc4GR8ycfzGSdbdsR7P3FZv9IJ/wCX4zF9vaRqKrL39KCcE8nOAtTsACxWxtwbnIVunSdPliytjqteKrNXd9kBWBA3HFVSs+1V5Yjd0+R69DUaPX0hqkrDFtRyzFNh2tuKmwMAVVm4C4+0TgA8yKdA5o0u0sx21h1RgN9pUBmsYegxljnJ8MDBDNM/dqVs1xqQqK0yjuqjdbeebfDAPGzyjHtW4GduRw1zxY16tDqM7drb7ayQWO7eUClyT5RmlRsAxusB+U1Hd/XgXHT5Jcp4pA+wpO1Sxzxu5wP8hPHrUdt9iVVXCzzKtjIhRRu3tYuzy8+UqAHz08rHEl/o47Fsprvv1Lb9VqbrGsfGMrWzV1qvsoVcgem6QbCIiEIiICIiAiIgIiIHi2sMCrDIIIIPQg8EGYzQdkNTqGTH7JFY5ZhynRevUY4Psa29xnbSs7w6BrqSqECweZc4Klh0DAggj7uDg+kCk7Q7XUaZkXa7L+yywypDDCWD0cDyk/Q/KVeh8O3UeFXZ5kRlz4iHaSD5mVR5skdOOM5PIBsOy9u6yq4VuETKkKNi5X9oOeuN4Bz6MfTMyHce4f8AaGsXGDtrcHGOpDj/AM6mb454M2p/cTStVqLKnADV6fToR15D35I9xzwfWblbdrgn4WBBz8uR/cSt0WhX9auvU+Z0qQr/AAGxgf8A9pH0CSw1yYGR9R9R1l4zp05XWJ01lmm1dnhBgLEFYDAAnfuOjfzEAEENWc/5czSVdqahTZXYjWsFArCIV3P4mpHmfGOK6qySBjPQeZVjtvTrZtc8CytqiR1VwfEpYfNXRgPm495fdlawW1JYCDvUE46Z9fzmbrn94qe8PZVmooKJ5SVYgbsHcayqk8EZU4OORn6CZfs/X3W6d7tmLW3vWpQDhlV6xtLc/F6tyRztJKr9HU9R7c/jMUKPDe6rnFdr4z+5afGXHyHisg/+nLx8tRTa2sjszUkO9o8drS9iip2HxHcu1efLj4Rz6DmaLU6khSMZZR02ngKoPmxn7gOuR8yK7vJgaW0A8N4K7cfad1QnPrnLGXOqbzH6maxYqzqbPLhfNlgcggHb0J/dGePYj7561tzWWaesIcC8MMeoqRmDc9BvG37wenMkMZbdm1eQMR1Jwfkcf1wPwElmfa1V9paG0ixRYrYCN4RQBSdwITfnIGQCCfcZ4mN70NvrpqXlL2wQTyNrJSlbD0I3vu/zFvafQaamZrCRjcP+JcD8JVdrd3Cb6LgMqlis4z6KS4I+rqoPzOfUxynSb2j9u9pV0izTZZ22HOH2ubdSWwtZPA21pa3UbVA9JC7K7DuGqXNCDSWCp1up2LusqbxN9qkhkLgkEKCuR7NkSdHoU1upd9SimtK9PY6nDKXdbSas4GR51J45GB6magdpI7lU/wAMqpXByqsD5sfu7gF+RU5xgzF6ZUve7s17raVqfBucqw25KgI2+7PptG1cdCWGc5my09IRVRfhUAD6AYE5aegfER5vf1AOOPyEkyIREQEREBERAREQEREBERAz3aujWlm1C/EWUsD9v7BT2yVLYH72PeYSvQ/qnbIxjwNVWfBYHhlIU4+qmutfoyHqTPrGoTKkYzMh2n2Z4yWaf4b9Owt05zgDBJT+XOVI6AEDnbLFibWdtiv74Rvpny/mSP5h7S8vpDL+cz+ntW1A2Dtccg8EejKfZlOQfYqfaW3Z+qJrIY+ZeD8zxz94Ib+YCbvpaou19StentFhYY4TaMt4uQK9gPBbeFI9PfiQf0a9pH9rp3AUgmysA5Gxj51Q/aCsfwcSzHZgNhssG+055fDYB9EX4VX04GTjkmWFKbWTCgYPGABjg5wB8pq+Oksm6sy2GB+78ZQ94qNt6v6W1lT/ABVEso/0vaf5Zf2rkfWVXeBgdP4p/wAAiw4GTtT/AGoH1rLj75j2rPanSG6pQPs272+lNxwT9NsnWtHYo2peD1Xxgfvts/5Tm5nQ4vDGXWot8NK8jJHGM+mP7SlVckD3IH4nEs+8b+dV9hn8Tj/hmb5jTvX2gG4Gc+2PnOPadhVGJJwqMxA99pIA+fH4kTx2PXk59pW98e0tgKp5nyCF/ebIWhPlutCn+GqyMSTtA7EcpVqLlXLPbsrU5xmlU09YHupdWOfYmT+7FNY1FtK82ocWWFcNYq7Tkn1y7s31aR9PV4KU0kjGnVWYjknGErZgeubHa09MFU+c1XYHZq1qXx+0sA3Mc5YDO3Pt8ROPnOV7ZtW0REIREQEREBERAREQEREBERATOd49QanR9mTjyN09RvpP8Q5XP2hNHI3aFBdGC4D4JQkdH+yYGdDLuFiN+y1ByPlbg7h8twXp+8rerSShwf4htP1+yfxJH8w9pR4ZksW/atVvDmvg0Xrgm5c9BkK3PwkH0BJjd3+9CvbZotWQmtpYo69Fs/dtr+TAg49Nw9xOkutNdpbQ6lT1X8RnoR/17SCSVbP2lP5iVXafaZ0t4sf/AGTDLEegHFmR8uGz6ZA+ug19fIYdDxx7+h+8f0lgnaK8OnHoSCPb5fnIWs1K1vtf4LAfv9CPz/OVuh1LV6oIceHqFIHPIurGeB7Mn5rO3fLReJpiQcNUQ4PsB8ef5cn7pM7WIHYFeNNY2STlqyT1JrZl3H+L4v5p5Yz87vuv6o+1lYNYTlSGGfJnkfPM/L7VRS7sFVeSzEAAfMnpNfZEjQpmxB8wfw5/tPXa1m65+c4IH+kAf1zMove7dYRpAxChg1hrfHmDKrKMcYYg5PXHSX7P5/DUFrD9kct9SPQfM4Hzj2vtOq1XhVggFmdtqjIGSxwCWPQcex9ODKDsRvHdtZcQK6ScVtjJvZQMkAnCoh2rz5gXbncCfXafba6XYyKNRr7/ACaWhTuHsLD+7WBnn7Q3N6+W47J0tVdIq8jGslrQRnNw5ssYkA5D85xn4cemM8uTNqJfrhp8+IA11zLuTkl3LbatPuAOFy+ScYz4n703onz3sGoX9qu9efB0ikEks269/LkFiSAoDgD3U+8+hzFZIiJAiIgIiICIiAiIgIiICIiAiIgUveABV3sm5eM4xlSCdrZ9QMnj5/XOG7X7r0647eVdCUpuQkNWyFl8Nxj4cqwB5HAU9FJ+naikOpU9D/7f3lBV3dat7HrfIsKttZmAV1G1mB5PnATPzQMOSchh/C1FIXT645wM1kneMocNtY+bDIej52kL5iOl3QmuREK2VXaQsw8lTeJWjf7NgW4sFbEDAwdq87prNXp7H2HYu5MkEFSVY8ZUsvHGRkY6zofGPVcD1wynP5Zmvk1rCVdk69vBfWazRqtbpaVWrDK6Z6Ekh+rDAxkE8iSdf2kTXmvtOs+JkeG9dBfDZHIU5+7GefeWdvdskk+FyWZiwGn3ENzgsayePTn75K0fYSVsLP1XdavwuzoxXr8OThOp+HEvypr57o0xex0+uVrbvNcvg7qkdQEwu7Yq7VUKTuycDyjE49odmak2b7NQbguSAWoWv6LULAB7buG+s+qdoaV7UKtSGP8AmcBQfcbSG/OVOh7sleXq3EdMXWYA+jOT+ePlF575PkwtNq1Jz4TWYzhHdnGORv2qo8uevA9z6yV2dXrrK8VMtNBOW3kVhwxy4yieJaducMfLgdX6za1920L77NKjbQorJcs67Tk53MR15GOh56yZo9Halu4UqKguFXeMhmJNjsxzuJwgGeRgyW6Wq3ul3QTShr72WzVkENdgeVDzsB9fmx5PHQYAjdt9rLpdPfrVXaWHkDYJe58KhJ9hgMQOAFM1Gt0zWADYAQQc78Ywc4+E5HEo9V3KW96f1hyaKWLrQmQpsJPmdjyQAxGBjqfTiZ/bOu36OeyTRokL58W79q+euWA2g/PbjPzLH1mon4BP2AiIgIiICIiAiIgIiICIiAiIgIiICIiAiIgIiICIiAiIgIiICIiAiIgIiICIiAiIgf/Z', 32);
INSERT INTO `pic_per` (`id`, `picture`, `per_id`) VALUES
(54, 'data:image/jpeg;base64,/9j/4AAQSkZJRgABAQAAAQABAAD/4gxYSUNDX1BST0ZJTEUAAQEAAAxITGlubwIQAABtbnRyUkdCIFhZWiAHzgACAAkABgAxAABhY3NwTVNGVAAAAABJRUMgc1JHQgAAAAAAAAAAAAAAAAAA9tYAAQAAAADTLUhQICAAAAAAAAAAAAAAAAAAAAAAAAAAAAAAAAAAAAAAAAAAAAAAAAAAAAAAAAAAAAAAABFjcHJ0AAABUAAAADNkZXNjAAABhAAAAGx3dHB0AAAB8AAAABRia3B0AAACBAAAABRyWFlaAAACGAAAABRnWFlaAAACLAAAABRiWFlaAAACQAAAABRkbW5kAAACVAAAAHBkbWRkAAACxAAAAIh2dWVkAAADTAAAAIZ2aWV3AAAD1AAAACRsdW1pAAAD+AAAABRtZWFzAAAEDAAAACR0ZWNoAAAEMAAAAAxyVFJDAAAEPAAACAxnVFJDAAAEPAAACAxiVFJDAAAEPAAACAx0ZXh0AAAAAENvcHlyaWdodCAoYykgMTk5OCBIZXdsZXR0LVBhY2thcmQgQ29tcGFueQAAZGVzYwAAAAAAAAASc1JHQiBJRUM2MTk2Ni0yLjEAAAAAAAAAAAAAABJzUkdCIElFQzYxOTY2LTIuMQAAAAAAAAAAAAAAAAAAAAAAAAAAAAAAAAAAAAAAAAAAAAAAAAAAAAAAAAAAAAAAAAAAWFlaIAAAAAAAAPNRAAEAAAABFsxYWVogAAAAAAAAAAAAAAAAAAAAAFhZWiAAAAAAAABvogAAOPUAAAOQWFlaIAAAAAAAAGKZAAC3hQAAGNpYWVogAAAAAAAAJKAAAA+EAAC2z2Rlc2MAAAAAAAAAFklFQyBodHRwOi8vd3d3LmllYy5jaAAAAAAAAAAAAAAAFklFQyBodHRwOi8vd3d3LmllYy5jaAAAAAAAAAAAAAAAAAAAAAAAAAAAAAAAAAAAAAAAAAAAAAAAAAAAAAAAAAAAAABkZXNjAAAAAAAAAC5JRUMgNjE5NjYtMi4xIERlZmF1bHQgUkdCIGNvbG91ciBzcGFjZSAtIHNSR0IAAAAAAAAAAAAAAC5JRUMgNjE5NjYtMi4xIERlZmF1bHQgUkdCIGNvbG91ciBzcGFjZSAtIHNSR0IAAAAAAAAAAAAAAAAAAAAAAAAAAAAAZGVzYwAAAAAAAAAsUmVmZXJlbmNlIFZpZXdpbmcgQ29uZGl0aW9uIGluIElFQzYxOTY2LTIuMQAAAAAAAAAAAAAALFJlZmVyZW5jZSBWaWV3aW5nIENvbmRpdGlvbiBpbiBJRUM2MTk2Ni0yLjEAAAAAAAAAAAAAAAAAAAAAAAAAAAAAAAAAAHZpZXcAAAAAABOk/gAUXy4AEM8UAAPtzAAEEwsAA1yeAAAAAVhZWiAAAAAAAEwJVgBQAAAAVx/nbWVhcwAAAAAAAAABAAAAAAAAAAAAAAAAAAAAAAAAAo8AAAACc2lnIAAAAABDUlQgY3VydgAAAAAAAAQAAAAABQAKAA8AFAAZAB4AIwAoAC0AMgA3ADsAQABFAEoATwBUAFkAXgBjAGgAbQByAHcAfACBAIYAiwCQAJUAmgCfAKQAqQCuALIAtwC8AMEAxgDLANAA1QDbAOAA5QDrAPAA9gD7AQEBBwENARMBGQEfASUBKwEyATgBPgFFAUwBUgFZAWABZwFuAXUBfAGDAYsBkgGaAaEBqQGxAbkBwQHJAdEB2QHhAekB8gH6AgMCDAIUAh0CJgIvAjgCQQJLAlQCXQJnAnECegKEAo4CmAKiAqwCtgLBAssC1QLgAusC9QMAAwsDFgMhAy0DOANDA08DWgNmA3IDfgOKA5YDogOuA7oDxwPTA+AD7AP5BAYEEwQgBC0EOwRIBFUEYwRxBH4EjASaBKgEtgTEBNME4QTwBP4FDQUcBSsFOgVJBVgFZwV3BYYFlgWmBbUFxQXVBeUF9gYGBhYGJwY3BkgGWQZqBnsGjAadBq8GwAbRBuMG9QcHBxkHKwc9B08HYQd0B4YHmQesB78H0gflB/gICwgfCDIIRghaCG4IggiWCKoIvgjSCOcI+wkQCSUJOglPCWQJeQmPCaQJugnPCeUJ+woRCicKPQpUCmoKgQqYCq4KxQrcCvMLCwsiCzkLUQtpC4ALmAuwC8gL4Qv5DBIMKgxDDFwMdQyODKcMwAzZDPMNDQ0mDUANWg10DY4NqQ3DDd4N+A4TDi4OSQ5kDn8Omw62DtIO7g8JDyUPQQ9eD3oPlg+zD88P7BAJECYQQxBhEH4QmxC5ENcQ9RETETERTxFtEYwRqhHJEegSBxImEkUSZBKEEqMSwxLjEwMTIxNDE2MTgxOkE8UT5RQGFCcUSRRqFIsUrRTOFPAVEhU0FVYVeBWbFb0V4BYDFiYWSRZsFo8WshbWFvoXHRdBF2UXiReuF9IX9xgbGEAYZRiKGK8Y1Rj6GSAZRRlrGZEZtxndGgQaKhpRGncanhrFGuwbFBs7G2MbihuyG9ocAhwqHFIcexyjHMwc9R0eHUcdcB2ZHcMd7B4WHkAeah6UHr4e6R8THz4faR+UH78f6iAVIEEgbCCYIMQg8CEcIUghdSGhIc4h+yInIlUigiKvIt0jCiM4I2YjlCPCI/AkHyRNJHwkqyTaJQklOCVoJZclxyX3JicmVyaHJrcm6CcYJ0kneierJ9woDSg/KHEooijUKQYpOClrKZ0p0CoCKjUqaCqbKs8rAis2K2krnSvRLAUsOSxuLKIs1y0MLUEtdi2rLeEuFi5MLoIuty7uLyQvWi+RL8cv/jA1MGwwpDDbMRIxSjGCMbox8jIqMmMymzLUMw0zRjN/M7gz8TQrNGU0njTYNRM1TTWHNcI1/TY3NnI2rjbpNyQ3YDecN9c4FDhQOIw4yDkFOUI5fzm8Ofk6Njp0OrI67zstO2s7qjvoPCc8ZTykPOM9Ij1hPaE94D4gPmA+oD7gPyE/YT+iP+JAI0BkQKZA50EpQWpBrEHuQjBCckK1QvdDOkN9Q8BEA0RHRIpEzkUSRVVFmkXeRiJGZ0arRvBHNUd7R8BIBUhLSJFI10kdSWNJqUnwSjdKfUrESwxLU0uaS+JMKkxyTLpNAk1KTZNN3E4lTm5Ot08AT0lPk0/dUCdQcVC7UQZRUFGbUeZSMVJ8UsdTE1NfU6pT9lRCVI9U21UoVXVVwlYPVlxWqVb3V0RXklfgWC9YfVjLWRpZaVm4WgdaVlqmWvVbRVuVW+VcNVyGXNZdJ114XcleGl5sXr1fD19hX7NgBWBXYKpg/GFPYaJh9WJJYpxi8GNDY5dj62RAZJRk6WU9ZZJl52Y9ZpJm6Gc9Z5Nn6Wg/aJZo7GlDaZpp8WpIap9q92tPa6dr/2xXbK9tCG1gbbluEm5rbsRvHm94b9FwK3CGcOBxOnGVcfByS3KmcwFzXXO4dBR0cHTMdSh1hXXhdj52m3b4d1Z3s3gReG54zHkqeYl553pGeqV7BHtje8J8IXyBfOF9QX2hfgF+Yn7CfyN/hH/lgEeAqIEKgWuBzYIwgpKC9INXg7qEHYSAhOOFR4Wrhg6GcobXhzuHn4gEiGmIzokziZmJ/opkisqLMIuWi/yMY4zKjTGNmI3/jmaOzo82j56QBpBukNaRP5GokhGSepLjk02TtpQglIqU9JVflcmWNJaflwqXdZfgmEyYuJkkmZCZ/JpomtWbQpuvnByciZz3nWSd0p5Anq6fHZ+Ln/qgaaDYoUehtqImopajBqN2o+akVqTHpTilqaYapoum/adup+CoUqjEqTepqaocqo+rAqt1q+msXKzQrUStuK4trqGvFq+LsACwdbDqsWCx1rJLssKzOLOutCW0nLUTtYq2AbZ5tvC3aLfguFm40blKucK6O7q1uy67p7whvJu9Fb2Pvgq+hL7/v3q/9cBwwOzBZ8Hjwl/C28NYw9TEUcTOxUvFyMZGxsPHQce/yD3IvMk6ybnKOMq3yzbLtsw1zLXNNc21zjbOts83z7jQOdC60TzRvtI/0sHTRNPG1EnUy9VO1dHWVdbY11zX4Nhk2OjZbNnx2nba+9uA3AXcit0Q3ZbeHN6i3ynfr+A24L3hROHM4lPi2+Nj4+vkc+T85YTmDeaW5x/nqegy6LzpRunQ6lvq5etw6/vshu0R7ZzuKO6070DvzPBY8OXxcvH/8ozzGfOn9DT0wvVQ9d72bfb794r4Gfio+Tj5x/pX+uf7d/wH/Jj9Kf26/kv+3P9t////2wBDAAYEBQYFBAYGBQYHBwYIChAKCgkJChQODwwQFxQYGBcUFhYaHSUfGhsjHBYWICwgIyYnKSopGR8tMC0oMCUoKSj/2wBDAQcHBwoIChMKChMoGhYaKCgoKCgoKCgoKCgoKCgoKCgoKCgoKCgoKCgoKCgoKCgoKCgoKCgoKCgoKCgoKCgoKCj/wgARCAJFAlgDASIAAhEBAxEB/8QAGwABAQACAwEAAAAAAAAAAAAAAAECAwQFBgf/xAAZAQEBAQEBAQAAAAAAAAAAAAAAAQIDBAX/2gAMAwEAAhADEAAAAfeIAEoQAAAAAAAAFgqUAAqCgAAAAAAAAAlAIAAAEosiywCgAAAEsAAAAAAAAAAAKgqUAWCgAJYCiUIigChIoAAAAoCKgBKqACLKpASiAAAAAAAAAAAAWCgAWCiEUJaSolgWUAIKACWUJQAlCUACoWICioACAAASgABLCpQAAAACpQBZSCKgWCywWUAEqpYIFgAAAAsCihILACiksBAAAQpCgAAAAAAAAAWUCAACwsAAACwAAAAALAWBQY5QAoAqASwAAIALFJYKgqUIKAAQpCgCFlAAAAAAAAAAAAAAFlAAJZQgpKAlgJRAAAAAAAAAAAWCpYAWUAAAAAAAAAAAAAWAUAAlACOL4nU9++eyvoT55D6I+dw+ivnQ+iz53D6K+dU+iPnZfoj53kfQnz2H0SfPKfQr88qfQp8/yPfvAVfe3wVj3jwg928NT3F8Nke3eJHt3iuYepS5AAAAAAAAAEFSgAFILBQAed+X/VfjvWbdcaUFQVBbjaqCoSorJiMmNlqC3EZSEqCotsEILYlczh8lPuSPPpZRAqBYiigABjGQoICgAgKWBZQDofj/ANe+Q9JBoFgLYVRBLYBULUFRFRVAQVKlgLCggDlcXlr9wHnoAQsAogVIZOn8p0z9DnyDh6fbHxrt8vpzo+8xoWEspQgFlJQA898h+t/JOkll2JUJQRalQKAWChQSUVYgLKlUlQAKoiczh82Pt0OGqlAgAAaR4/HyXo57cL2Pp49fr7FHWubnXX+k6Li8en2jL5x9H8vaogUgBagKg838l+sfJ9yDcWLagqBZUPR3nrzbter3I7PsM3zrv4dC9LxTpBvJ3/Ry4O91R07seu0WWwCwKFnO4POPtg81AWCgAed7rwep5zRp1+vnyN3H7TheT2ePB3jtej7W6ef4/dddNcX6X847nnr6iOOwAAACDzHyj6v8o6RDoBACwcjj077Xr5PHXYeWd3U7Do+Tlq7TidVXquH0HMOo5Hdcbc9D1vmudm+k43Vdaes8f3PTaB0zQACk53B7A+0k82qlKlAWhOp8B7n590nTYYumd/cdJcux7fzXr+d5urveqTj+R9l4/okmmvuV4XN4bBQQAADy3yn6r8q6SDpAUEAAsCkV3fScqPRaOm5vO9113W7T0fj+36etSXpkKALCgAAvP6/sJfs7GefWdwGbGmVxpUscDxX0Xi6fFnvvK9sddjt0ZvK5nHXHYaPR+a9HPW5OfDrqm/6JnXI5dctACpAAAeV+VfVflXSQdIACggAUABQAAKhQACgAFIOw6/sJfrl0PLve0WORlxsl5O3h77N1xtmVxyHzP6b8lrzTmcmur291Y0Z5ety6H3fH2cdd2wz75iqiwALAEA8r8p+q/K+mcadEsolhUoABzdXcdZwuvZzO453oev8AV+S6Oy4HqeNzdTzOX0Gm3ndl5onM9D5utHN7jqox1ey6HlfPyz34FEsp2HX9jm/VJjPH0zuvJdmWvKNmevI5Ozj795zS1n4/13R5vh8/c6c68dj20xrru05/Ijt+J1fnJj6DzuFzPRjJGgEoRQliAeT+V/U/lnXMsbWBUCygAV3vI81l59dx2XTOTueBqks7nyvP3O+6Fxo9F1Oob+Ft4faep8vgrt+38ixQ9OShKJ2PXdlL9OmLwds7hTblryNuWvOzPfx99m+67qThc3j5u+ZbdTyOjt+o8/b1XM07O/Hg/JPsvyXc5H0v5DybPsTpu4zcpQFAgAHkfln1L5b0yHQIWURQAFFHreJ1N8WuZ3Pl7XYZdRy9Ozw6vVHZcrqVd10O3XpxbzsOs4jlYamhy85eE38g4DmZnX9k35fQ5q1+H18q8O8uvKvF0TXLvA5kzsyxnPfIx06VznCZ6dlu6jLWO+x6TKO+nSZ2dt4X0/H1jw+rma/p/P0eq8mzfqnM+b+28vfuM+sys7XLqZ0z27rOZvG9G8+R+W/UvlvXIbJQAAAAVXseH5t5Neh5PlpXb8nz+W53mzz8zfavFOb0nG6XPq9Fv8rjl6HLzt077h9ZNTv+w8jcX0rzOR7PrfOcvOvonRdrz/B9Dym7t+w59OBy+TOeMMc9WN5crgNXm6OJNORnxrz6cxxs8zbo2aTksZJnJDqek9j0Pu8vF8/9B1bx4Lneubxzeb13Y+PrlLlvGG5t784wezj0Hy36l8u7Yg2AWAWod1m9M9k43xr2JPHPY5HjXsZXj3scjxj2NPGvaF8Y9nkeKe08zucGnWAAFg5GjkZ1671fjPYfI9+nZoeXpt43H8zrfqrweZjeTGTUuFtzuCNuzj7JN2nPGTexRkgqUw3a8rnLG43O7Zo23nuz17O3DZu07fbw4zF3x0/y36l8s7YsNgBSUp3nR95zvfbtW75+iWBksVShSiqLKcfyXrvI+mdcPZgBQShyeNz86771fkfU/I+l1/W7+Dy9WnBj25+j5PE5PllRnpjrzms5RjZnlNiZ60y269muMuRw90Ycnh7zRz+v7Cxhlhlt2atmue/Zq29uG7LHR7OGpi7Z6/5Z9U+V9+cptKAAU7zo+953vt+rf8/WK2IqpVUoVYVSVTi+T9b5L1TrVezEUCkA7Lre2zfR9txOX8f6vQ9f2fEz37Hi97p5d9e3kcfPlBrGVWTGpbjTPLHZlnlhnmUSraYZ453OOvZqs3bNW3fLbt07evDk+Z7/AMJ6Z9Ac16vN5f5V9V+V9cxZsLUURQ77oe/5Xv8Abhn4NYZ4YVuvGpyJppuunBeXeHuN16vtDDd1naHE8j6/yHonXD2YLBQSh2/Udxi+y6v0/lflfS5fE7Zw78zDsOF5fRv4Hc9P18mNZ7ujXuwzvBlUxuVJt17YueGzKrZJbYwzmVmvRv4+5v26du+W3fp5Pfh5/rOB6z28vSsW8ed+dfSvLzPnXpkvl3pleYvqB5iepR5fuex2ZZ7NfI8+uPluqaG8urDkU1TdTj3crXN1jjclTi+d9HOryF9bes8jfWw8o9YPJz1uKeV7btObnfcdH3+vx+vz3N4XN4+j0HXdnx/l3kdB6Dpfo8eLsx33rxte/BdTNZjkySbMM4yzZZLlcsbkMWeFzp4+7Ttt2aN3Tjym3znfHnPqXlPY+nkG+fQ+Z9F81ufVXy1l9Q8wPUXy49Q8wPT7vJ91h2vI1cjz6xZ3LWzqYNkXBnKxZUxZUxrI4TLznaegy8i7PXPIWPXTyKvX4+RHr+d4Lu8699nls8vo6LLtur8Pr2aeTxOW+46/Zx/R5uJnjsddeOS3XMlmOUqKyNuWG3C5TPLGbMLm4bNepxsM50zORr7Dtx4/ju55F9Hec49ngirPOfKPrHyfriWzoLakolsJ6TznpuV9FydfI+ZvCbLGu6MdORNWCciYaV5U0je1bzFacTxHuPEevPX2X25lsLFAJ6Pz/oeevpuzVs+V68+q7Xi894cXbl4fRxuu5s9fHXr3alKmphv1xrZzUW2Mt2rfFyyuZMM5c4atmnU0W8v0Yz6bf097X23Ueh7+eLOvAE878o+sfJ++FxvRYlZIKlHqPL+p431HJ08n5e9GG7VUm3Exx24VjcsY2at+owbMauWcjheG934T2Z4JPblZQKoh6Lzvouevpe3Rt+T7NuWvLeOunYdL5PV2nJ63sZw6fh+n6n056+8jVjeWvdjnWm5Q36eRjjWO1subnkudDfh0xxNHN43SbOhxut57tfrp1209fgABPPfJvrPyjvhjb1Y5SkWjG0nq/K+s5X1PJ08n5fTCZTKTIYzOGOOxZgyLhchgzVwPB/QPAezPW2vdiS0lUloeg8/6Hlr6Ns4+z5Ps33TdZ2amOpwOx16eO+84HJ0deOnHbn7OfX4cjj89Qubls1Z2cjZo5Gpkyws47DE19Tu0efpxdz1ee+HKynq8spYgAnQfJvrPybviXKdUmdrCqY3KE9L5vLN+g5fO3G/RHzuR9FfOqfRHzqn0WfPIfRHzun0N87H0N89H0LxPDdJFdpjcpCXKotieg6D0HLXvs9OXyfZumprOya5rOzHCam7ruVMztrwuw7Z0dd3XV7zosuNM8c9Tdu07rNnG38Spw+f1fHenZ2fapxuRnh2zERZVQAHQ/JvrXyb0cxeosBSAChSWWEsCqlIKJQFIoFIoKJRHoPP+g5b9vdV+V69jBqZMWs5STUyuOdkx2XOrzuHzN4668ni6l2asjk7uIrfq17onK20yuOy5wbJLhM8bJjljoQVCdJ8l+v8AyL080t6XG0RVSZIlCLakolUxWxJkMcqMWQSiWiKEyEoAO/6D0PPXr7svzPVrbLrOlulmq7FmGWWVRs5tmnma+L0xu4e/VjTPXTfr3bZes5uqWc6459MXZrsuxruWeMphhuaaJvmpobh0fyb6x8o9HP1XVcrTz3nM+Hp1o65AFIKWWJQAAqUlCwAqiFg7LZx+Rzu7Ukau26bv19e5F83XjTk2OJOdlZ107OnVZdngnEy2kXPkS9U5G3nvjcrHOzlMOPnXL63Zx945k4ufXHNyx3VrbKa21WptJrbFYMydb87+rTrn5Pj9ZV8ln1ofJH1ofJH1tXySfXLHyOfXR8ifXR8ifXR8jfXKfIn10fIn12HyN9cHyO/Wx8lv1kfJn1kfJsvq4+Uvqw+VX6ol+Weq9TlLxs97ndeWQjKCgQMchr170aHIi6W4arsGrHkE4+6qyuAzkFSkUQIFVVkw2DFQAKIFIqwVCWBUFRFQABQhUFQUCxLUoEoCWAAAACURRFEmQxUkoAFKIgGaNQAKSiKiKIsoIAAAAiiLAsCiKIolAAJalACCwAFgLAohSKIsEyGKwKJQiiKMoWBQAAQAAAABFCURRFEWBRFEoRQACgAAABAAAAAAAVFRAgKQlQZCgoAIAACggAACwAAAAAAAFCUVBFBABQAAgAKACECwEEAAA//EADIQAAAFAgQFAwQDAAIDAAAAAAABAgMEERIFExQwEBUgITQiMTMjMkFQJDVABkJDkKD/2gAIAQEAAQUC/wDhlkukwweNqHPFDnixzxY544OduDnbg524OdOjnTg506OcujnLo5y6OcOjnDo5u4Obujm7o5u6ObuDm7g5u4OcODnDg5w4OcODm7g5w4OcLHOVjnCxzlQ5yoc6Mc6Mc7HOxFxYn3/0eOpJWGmbREpVf0sQ6SP0eM/1n6aN8/8Ahp/ixr+s/TRvn/R4z/W/povkbpnQSpzTAexV5YckPLOqgl99sRsZlIVDxJiTv4x/W/pofk7jjhIE/EDqZmoxYZiwxlmCRaakjDcVU0aTJSdzFv679ND8nbdWSE4jKNBGYTQzKlLkioM0j1JC6GR9xg2IZK9zFP6/9NC8nblPFV103HDUEn6kqqtt0kDOZvfy0B36SjO1QpU8Ek6iLt4n4G0XcExGjIToZBxoyXJh9jjsJdjtxIxRlMQbWIsc4qY0FZog/W4QoGe0pJpWcJJS8QhKiKjRyeb2oXk7UhVjWKOWRgfursMPb7uKdymWH7GoLqpOJRlXORHCS1lm4MDeyp+3iXgbTBkT2LNKS9hiWnFsobTibyTQ7DI0wc1prD5b8d1tnI5ZDZhPKhu5z4YbN112O4buNM0eV/aRpScxMVUQtqF5W1PP04wr6vAwmaYZmOtG1iMlaiflrCsUcQHcVdXHX2WfuhWW8R1LaxHwdtie60leJuGlLq0uFiaqSprkgmcScaaViizSp9So0Z5Ud1uctuRzRYOcrPqYKUrSa1eoWq5acQd0u1B8vann9TGD/kg/cvaoIyEVqw721G7hyFpkwibhuF6XPcQlXQ9rEPB/wYYwh9UyC2mNMgpbitQWjZditJfaw+Mpp5GW7vwPL2pLOYMTgm4LKA0CnYiqZs0DSFE4/FUw5lnShg6A2icCIprciNZEbaxDwv8AAy8bSWH1NOpxGQDlOXLmGp0sRDqzcc34Hl8a7DrVwnYYpwOxXmjUE+5GQYP1z3kuiQZZvazSSDCIExxyDDREb25/h/poPl3CouFRUVBH141Nd1KlGo+BBpwNMG69pFLThpG3G3Z3ifpoPldZH1YkwtUvThuKahoqBEQg9HtPBW0maWgkzbNJ1Lcm+LuxYy5LjzRsrjsqfclRnIrjEJ19pRUOHCelhRWqajOLbbgKWhlhx4NYe48FJNCokR2Wp1BtrOIsmpkJ+IGIy3k9cDy+sgXTLirWt2C7emI4kPtvqUy06kOMumIba0AvqErsIp1TuTPF3cA/tpvmQmjNnHE50fCf6wQLopYnEsxjH/TiDbhtniqMiA2tTS/+R2rchvnFk43G/n4g4SnSfQ9JQy5EV1wPL2EguhZ+vSoUHohIbURkCIw3GcUExHSOfnxmuZOGcNba2NyZ4m7gq0Mz8hpyVLy0w4TrKsJw5TTMIojRMYkpK5k91qRBkPxsUaVGQgNyWJmHlGaQuXI1syShtt9meksIbTcvFTQubr0ycL68P8vYIJ4n6gbX1EiSR5L32tfdDCyoctGZFEKY5FciyW5Le3N8TeIzINw3HAzDW6GoRuE3DcWG0KcXpFWvRMtp5o2jYj5rZxlE7HjZ4Uk0q28P8zZIj4m4RC8iCTIwsiUUiIuxpClKYQaCUfCS3lviM+5HcgT25ZV2pvib9yNbEk1NiuXDcShjDjTHmF/Ghpy2JEpJZMRmx9g7oLTKNbII0yNvD/M6LiF4W/aLnTJXckuOJLOUMwzCnQl7upaTCHlENQdM1NxyexPjUJGKFWWDCTNJxMRuDboJ0ZgJaRXpm+JvoiuuJZiuuk1HccBR3DU82tlxyE822qK6gPMrYdTFdUlEV1wmojrpNsqcGkeoiO4thLK1MttKWTrDjSWIrr4baU4NI6TjkdxsPRXWQqE+QhNmmQa0kecghnoGcgXoMGslhDZJBuLUfDsFn26qAuEhon0LQaVWKWXCHMNkNrStJGKiozFECkGEOErhN8TfL+xiSErW9dJw+Y+UiXPVqpBIpCmtq0WLtOLxRulkb44UgjNwlORZTLjbUMiQ+2y4WFusKXhzaV8u1GTKxFKGDWlXMsRTdGxpB6p+mbF9LCmkm262aVWBDClBuGihR2gTSEhxNGkUMisClpI1OVFQRioqKhJ+vomRjcKKrLfxKJYfCNIXHXGdbfRQUFpCwgkqBlfeb4m/+K9iMyBduBqNQqYqYqdKnSvYlqJBLUQqKmDUZqr34VMVMXHQNrUpyEupPIqRNd0JpwqLgpQqKgz78S4o79U5igbMnGShsGZw2K6KOZMRmmVdBA+zs3xP0zP3xlWue6eBmFLDa7ttr26kpJBED9wQLiQ/B+XN8Taw5CFGTbJllNDKaGSyMpkZLIyWRksjJZGQyMloZLQyGRkNDIaGQyMli6akkS9lj5Ee7Z1StVDu7SXrG1OLUIfx7BcEFQusuJcC4ED9kd5s3xNrDAz8O+58mI+bsx/kSIx/SmKod6g8s1KQoRfi6DPuQSdSSYUqgM/SydU1+q65Yby7EBblHD9iUdC4fkgQIECChD9Uqb4m1hoZ+Hfc+/EPN2YPkqO0RD+jKOryjoEoNZtJ7xfh6D7gioCQQSREOw7WtGVP/IpN7jZGYQf0iaUaUVNtsrC4fkgQIECDqqKwnuxM8XawwM/Dvu/fiPm7OH95bjV5RPShf3uGZqjklLCUWk0X0+J9X4TtfkuBAgkTXxARlw5fi7WGBj4d935MR83ZwzzXDy1tKqt0qOITVeSSW30JsP7Nktv8kCBAg4vLaL6rpdil+NtYWGfhCVpUKlXtUF3KpVqRD2B9uHaoQtC+DvyYh5uzhfmym7kw10emJ+pCQZuqI1G8kOfHxP8Aw/kgQIJGOPWR8ERmSxL8XawsM/CtNySMyNdc87s+QoiJg0hPkO/dJTelRm60x3ZWpKl1JSGKuIDvyYh5uzhPnGQeby3VHnR8NKrzx+pX3OI+lxV79X4IF1H7AgQIEEjFXc2XgbNkUSSuYKG4NG6NG6NG6NI6NI6NI6NG8NG8NG8MPYW0THwqTcVh3W+s01VZ9S31mg71JqdtVkgiWlNpNpsQhFqUt2kHfkmxXVy9C+NC+NC+NC+NC+NA+NA8NC8NC8MMiONyqDEGqow/sUT6UuyofbtUvvGWXchQGKCgpwoKBIoKcKcDBEFBX2kC4JElzKYyzcktIy2w59iV9r+14uFxC4XELiFwuCTqlj4N935DX6swZgvF4zBmC4Xi8RlVWQcRclKTQp8gg7kPlU2fUy8XcvcK60+/WoOexcCDZDEHr3sJYrI4OfYkk0okWpFqRYkWJFEi0hYQsIJKiY/wb7vyqR6rCGWQNBCwhYQsSLUixIsSIySvIhQS27VI9RRDNIN074xB8uwIwofjiXEthz3oKBCRKdyWaVVDayWOEnswUp8i1kgayQNbIGtkDWyBrZA10ga6QNdIGHyHXyj/AAdFBTad+WZMfRL18ka+SNdIGukjXSBrpA1sga2QNbIGESHXJpcH0XtsFap5AeSS2kOHp0vFIIduBe3UXAug/YH7hIKjbb6804DJLd4yfH2sHEf4N935cQ83ZwPzy4ulRSFVBlQ4x5S0o0uIuJtVwIH1EC4EKdiCgftwbRQpb2avupUdrKa4yfH2sG7iP44oKCvclGDP6RKO9d19yqFdQzMw2dx8XPmn+bs4H5xcXioK0Bfcojq+g5DSl5qOBe59FOBAuJguDnsRBKSQmQ9mBZ98Nj06ZPj7WCCN44M6C8qksjF5AlEYNZUvBrIuBqBLIzuIF3IO/NP83ZwPziBcXE2HUjWyirjrBGbiTIzKnD8g+Pu2CBdB+3sKVM7WSfdW+pQiR81wioXRJ8fawMRvGC0EsskhYMkrssZRDLBtXCgU3cLPVlFTg780/wA3ZwPziBcVdyWk0KS59SM8boeSRg0A0CnS37UBECLgYJAWXe0zDjpNodNRq/7NNqdW02TaOmT4+1gYjF/G33fnxDzdnBPNLpWVQ5epbSstZ9w4XA2wrt0EQoQKnCgoFqOpmHl0R/3+5xCTcXHZJlPVJ+DawH3jeNvufPP83ZwXzeNRUVH5cNShWjalko6UMg8XSQIFwUfYuClVDy+zLRqNhlLSeuR8G1gzzLKkyoiE6uKNXFGrijVxRq4o1cUauKNXFGrijVxRq4o1cUauKNXFGrigpUO+Yoly9nBfM4VFRXjUKOpJcMnk900CyqXQQIFwcMGHfUp8u6I5vBlhLKdiR8H6bBfL4V6yQ2Z3ZYLvwdTRXEgQIHwSmoaLs1HBUItmR8BfpsG8rapUk3tkUu0Ha6jiQIEFGOwNCnSbbSjckfB+mwbyNxHqUyyloOkRKuIXkCcIZhUJ2oPsln34ltSiPT/psH8ihihihihihihihi0Wi0Wi0NekJNJh/pc9g0mosFgt6qC0Wi0WiV436bBvn2iCW6A1hTqbuwLuOwIiBEQsQolN0UkwR9qioqKioqKivTL8UFDZsRCW4EwsyaiIT3+2A2h182m9JKZShiM0hUeYSEuYGVX7RaKCgoKCnEgmhC4zOtwU1Yaz7ktJAlpCFJFSFSBmVHKJV+K7FBQUFBM8UImoShiYTZa4ky1PIJH+yK6hpbslCmdS2oR5KWkSXEOLwAvq0FBQUFgyxlDKIZYNJkKELCDKEpNbhCqa3ELiBLIZhB1wJX2cKoR7EEJFooKbDrBqQeDTCHJ5g5RMHKZo5TMHKpg5VMHK5g5XMHK5g5XMHK5g5ZMHLJg5ZMHLJg5ZMHLJg5XMHLJg5ZMHLJg5ZMHLJg5ZMHLJg5XMHK5g5XMHK5g5XMHK5g5XMHKpg5VMHKZg5TMHKZYwmA5GKwWC0hTYtSLEjKSMpIy0jLSMtIsSLCFhDKSMpAIiL/BQUFBQUFBQUFBQUFBQUFBQUFBQUFBQUFBQUFBQUFBQU/V0Kv8A6Cf/xAAsEQACAgEDBAECBQUAAAAAAAAAAQIREgMQISAwMUFAEzIEFFBRYSJCcHGA/9oACAEDAQE/Af8AnHJIzQpJ/ocpekPbkjLvVtRRW9dxiPI9NGFCQu7xsmWXtZfckJbu/Rz7+Ajg4H8FGUlJI8lfoLKKMTHv+iuBlcHg8HhlUNdtKxKJhEeJaXfvex/zvZfbVns8j8j+BYn01tRRW0dGcvCF+Gl7Py8V5HFL0VEUE/R9OJ9CJ9BH5eJP8Msf6SuaIyxE4zHpo+mOLXassssyLLLLLLIvkjNp4yHJItiRLTsjopFFbVtr6X98Sf4a+Yn5eS5TKfsY2Proooooooorph9yNbiRi/JFULsvZkiQ+pdl9MeGa/o8Id+SPgsZf7Fui9rExMYyQ+SXnqXZfSvJJKWipfsPkaWAuOyxkiRp1y31rsvpj5NLlOJpy459F3EsRZZe1llljGSPGyKKKK7dIoooguTTdMrF/wCyEnlRHhtC3sveyxjIrKRq8SrZMsssvt2WizIjLnaLziaTV1Ilxqci7NjYo/TjbG75612X0w+7bTniyUfaJyz59iZe97t7SkQ08FlI1p267C7L6Yfdvpalqmaip2Z0KZmZDZkORkSkaUb5Zr6tcdldmXTD7uhyyHzwWJ7Wy3ul6HqKC/kbvz2sjIyMjIyMjIb6Yfculk4+xD6Ir2ZV4+TD7upSaJY+jyUUKhyvaulfDj5L6XtizFmDHvZfQjj4S8lmRkZGRZe1o4HW9l/HX+K//8QANxEAAgECBAMGBAMIAwAAAAAAAAECERIDEyExECBRBBQiMDJBQGHR8HGhwSMzQkOBseHxUHCA/9oACAECAQE/Af8AwUk2WstZYyxljLGWMsZay1lrLWWstZay1lrLWWv4OP8Aw0fi1htmSx4bXkx+KwsNbvhU0aMSFRqnPDmzPkVHNIzEZi4KSehenoV8uKq6E9FoN0I4zejM2pKWuhNc8OakqWlJR+Y4Sepa2qDw3qVl0FCURYfUgnrXy8N0ZKVR6jSIOK9R4f4RuunPDyJVa0LZoUZr3IKSevnJ0NGtODpUUISi2aIclzw+EqVKleKKlyJ4mmgsV+/kQ51iSz3h+1KksdrHUPbb+u5hYkpTnF+30qR7R+1cXt9NyEsTFw1OLpUhOeNG+DoQxZ4uBfDR/qYeM8VQcfff7/Ew+0zcaS9Wn9U6fXkfPKTjsNzMyR4pGXJkVRU54c88BubmpUb0Jxw3C1y2df1PCpSkp77k8OCsq/T/AKMGEY+HDlp0IxjBtQlT5fT7ZhqMXbF7exDBjh3W+4+zRlGMX/DyPblXBtG6NtCPpIj54eRlYdKOXy/v/kxMKE6py+9iUYtqTlvT8tURw4tpqX3UlGMtXIhSMquVTMj1Ll1MyNLq6DxIrSpmQ6mZFrRksSKHjGbJ7DkxOQ2+pczNkZrM+S2Idqal4tiqpUlBS3JKeGLGYsZCnF8IeR3XSj/D+/1O7L6GToorZEcFxda9fzdR9jr7/f37bGRSV0fvf6nd242t/wC+pkyrWvvUWCtbvf8AU7u6JV6/mqEOzuDTrt/j6C7PZHf71+pJU1ReOTKinT2HiN8KC49mx/5cjD7Xb4Zj7XhvRobVfCRIRqIhyylaqmeuhnroZ66GeuhnroZ6M9GeuhDFU3Tln6WexUjC4kqPy0RMIRDlxfQx7+R2ffllsxbEUaUoS34IoU1KaCoNDSJ8ERIaIjsQ5cX0D38js+/LL0s1UmiOgp6la+UhESlaLhDlxvQPcoWlBIcaIcaElQ7Pvyz9LJbmI7YshL3Icr5Vww0Lg5uOxnSM6RnSM6RPFlJUHuXFSvCpUqQm47GfMz5GfMz5EsaVCRP9omjDk1Ogh8KFCnGhQiJEdFUhtwy7jIfUyJdTIkZEieFKKqx7+RhwctjIkZEju8up3eXUngySrwlWDHGNb+pDWH4D51wSIxK3OiFwhy4/oY9+FChQobcOzb8uL6HwxcO5VIOmnsRVr+XM+CQkRiXV0Rhxprxhy4/oY9xUNDQ04acOzb8uL6GLhi4GtUQboRw71VDg0WMtEtShYZbSqQwyTpojChXkhy4/oY9/I7Lvy43ofHcy1HYw3bqUqNUKFqLUU4N1ZGF7qLTkw+WUblQ7sup3ZdTuy6ndkd2XU7sup3ZdTuy6mHhKDry437t8FwoW0MGdVToS5cSVNCMa782H8Hjfu3zWpkL/AHNipUk37CilqNlxXkh8Hi+hlpTkXC9F6MyIuDRYi0pxiK9Hi891qeKlCS8BYWFhllhaW6alGUkNSRGu5WpQoUKcU6FxcXFxcXF5eXl5eXl5cXlxeXDlXyKFP+ov/8QAQhAAAQIDAgsGBQIGAQMFAAAAAQACAxEhEjEEECIwMjNBUXFykRMgNEBhoSNCUFKBscEFFGKCovDRQ3OSRGOQoOH/2gAIAQEABj8C/wDoyviHYtH3Wj7rRHVaLeq0WrRatFquCuCuCuCuC2LYtnVbFsWzqtnVbOq2dVs6rZ1V3urh1Vw6q4dVcOquHVaI6rRHVaIWiOq0AtBatatatNh2JWts/okSewgoStEqgA+iw+P0SPw+js4j6JH4fR2cR9Ej8Po7OYZ+pytyyMgLKjxOq1j+q+HHiD8qUSUQeqlOw/7XZ+Pw+jw+YZ31RZDNdpW8qq0VoLQVZjivVCFhOUz7toQLTMHOx+H0eFzDOTVkHLdfilNUkFSq1RVQ5itTtNU29MXYxT8I3f052Pw+jwuYZxzzosRe7b3Bahus75LIq3fK5S0p7Qsm4r0x2XHLh0zkflzgOEzfEPyqzZMI70YRfNo+Zu1EKO8kzYJhQ4kaI9tpGzhD58E2LHiObMyVlmEOtFR4b3VhiYI247Tn2SdFFrqEUKhwrbpObNAztQ3XOUZxdKwJ5uFzD9c24oN+49yI8tm5rZtbvVl0Il72Wf8A9WrdkiZRZEuAnNfAhktupvVprHlg2yRY+dRSW/E1ux+TnI/Lm4ZddNCJ8hF6LYsIxJ+yDYTQ3JqntcJEG5YS43EUUDtoQig3DcgIODiG6d6h/wAyCW2qSRMBjnOZWy4rCnylNmJrBtUEwYkNrYdwJTY7bn0PFYP/ANtRcFwqsF7j+KrCmuq0syXb83C5hm2hMG4dxps/Fa2yHTTpG0D9yswmi0dwTpMhE7gtVDoUWWWgmloJrsTXjYZqe/Nx+XOWaPbuKssY1i7Rrjb3r4kJjzvVkyDdwTWBjCBvRHZQ6iSZBkLLTNCIy9RIzWNm+8LVQ+iMUQ2BxbZxHByAWznPcmRrLZtEpIu3ma7B0nC6ZzcLnGbbwQ5e7cmdiLfbMyvT8o2ALDZG68qNZfOJMSURxLMijTt7kE/0DNxuXyMS2xz5CgBkrbYUSG+0AAXTmrcO1bh0iTUN38vFfNsyQ9YUwWpMZaFbimSBiTFS2KP0T2SIkZVv8hB5xm7W1doyZIFR3JL0XZOe5jTepW3EHaibavJVaqej6IMZlOKhwyZ2RLNxuXyMRrfnEkH6RG9HtH9o0iVlyhuabJYJCSjPsNBiiRkgTg0AvHzSTnuvPkIPOM5Nt6L4TcvaN6k+G4KV1FRPtGWTRMmRIFMIM4bSK/hZJogZy4qYgvI4IDsnN4qQq83uzkbl+jwuYZ5zWyAbRTJr3dtlWS/J3FCG68XZ6Ny/R4XMM9FnTKW3or/ZVPsrwslPY6+SLC30UhVuei8uesQrNvcTKaLHFtoX2TOSEOHK0bpmS7ONIP3AzT4kMw7DKuyrlKYPBHsLJIvFqSImDLcu0yWQ/veZBOe2LBexgLnWXTI/CNgUbeTQD8o9g+DFd9rX1Ra8EOF4KLYFku3F0kWuImNyZFL4QY+4l96Z2zZB1xBmnOYYeSJum6UhmIXMM8S0tIntR+IFpAo2iS7ijO1JU0fVAzyhuVoafzDenTKOdi8uegfn9FH/AO479VHiBzGmXZtLnSvv9lgmF0Jc2w8tM6/7NfxPkH74sEiW4bZu7R9p4Bld+k0YVzIrgR+V2QEocJoaweiJG0FvVYDBboOb2jvVya9hk5tQVgscCTosOZUOM35SmPgVbhMnN4oQoZ+FBHZt9d5WE/w7CzkOf8N32lYfCiiThBP5qMxC5hnuKmS5Ehzler8WkAu0hkSF6ygmmCZtzsblz0ONFiNYxs7+CjRThEBzcp4bM1WDQoUVj7M3PkfmKj4NhEaGyZtQ57CsNhxI8IOitk2qmcJgkueGzE8lPMNzTDoGy3CiwV3bw/5qEJGt6Y6LEGD4W0Sm4ZLllYVA/sJcmYNhbuyiQtXElMflfGwmF2f/ALZtEppd8KFRg/panNgxO0hi529WHeIgulC9JoCYaN5UWLCiNex7piSisj+KYyy133NmMxC5hnp4id6C/Kdiis3tOK03R2t3q3DPEbs5G5c/Q+iaAW9o9tprDe4KFlNaYugHfMm/GgseTKw90jfJMYHs+ITYE9KSaxgm5xkAg5r2Pbb7MlvylOiCPAiAGWQ6aAfp3lu5WjGhQ6yyzKaisLmyhab9gTQ2Ixr3Gy1rtqLXUIoc5C5s7LFepIkG5SbOayscRm52IPhGRUtGJ9ubjcp8hgmFhw7FrG2q6NkXJj4zW9ng5ttO3fZ6rCMKcRbubXabysGYbLsHcD2ji6sPhu/dYPGiEdkXEX1HqsJhOItRHNDQDO7asBhxCOzBESIbxM/8UUXtgz+YMXIcDpDbNRHPsnsATK1pO2Jljs3v7a1Ea/b6/qokfBrHZQ3/AAwXgT67FEDjadaMzvOchc3f9UKSxStTxX45totJSJmFMKkll4nOAo6uOYMig2Oa/cr8V3fjcvkJtbsmBOpHom2G6WjMytcFkgX2coyruTwW2bBk61SScyK2y8XhF5DbNPmG1Q7TJW9GoTocQSeLwpho0bQE6kb5IFrRUWgJ1I9E0sbO1oidXcEDvcGCe9PMmkMq6TgZJ8Zo+Gy8zuRiiVhtCZokDJF7iZBNc8ZDrnAzBXwmz/KdZlkiZrsUOHJtqJVotCqBeBImU50mndpZaWymLQ2o5AMm2zJwNN6wZ/yvNFer1eFphaYRbaAU5zVTTFer1TM3KRv2FEOvCJb8omcYa6sP9EHMcCCr+5XHG5fIYFhDNQIbTa2AAVUF0RllmCkvtg7JzkoLoTZv7V9sN2F1ywjB2tD2xHDKBlJwEp8FGiQQTChgCfoKTUeHhEKw6HVj/udu9V/DxYdoO2f1LCbLCZZX4kFChPH/AKemEj5Ru/ZYLDeNKCZYQP8Ap+n+71AiRWSGCDSBv3BYH2VXue+77phfykFjrDMuLEs0Lv8AgJuBRGEGJDsuPq6v/Cwllh1vtm0kobIYnEgPd2rBfXajg5HxI0UGG0+5UN0DRg6Prv6p4gGbY8oglsbsHX9F/DKHQhbEZNdDLY7m2Pun8yj/AAj8vxK7l2YmzCH4MxrHG40qFgrDpdu4joArI6quKiyqrRWS1Wg2s7kJqrVSn4xX909222rhs3pjtk0YsIZBvG7HNt20K0z8jd3rLvwo3L5CU6KWxUoqYsok8VeVepTMtylMy3KWxWJ5M5qjj1V6vPVWp5W/uXlXqUz1xMLiaUVk+XMRg5v+U2e0VWgFoLQVqGJG6/vQuP7KNy/Rwh3j5KTRIZqCOJUblzcTtGh0ggRg56BeGPsvDH2Xhj7Lwx9l4d3svDH2XhnLwxXhyvDFeGK8OV4ZeGXhk0HB5TUVrRIA3ZpvHukqe9O84PRijcubjcqZwHkIPN+yjcc03jibwUlepbkAjx7oAVcRxFVUtkkzcb1S/EPtuKKhmc7WzNYQ7dJqjcpzcblTOA8hC5v2UbjmofFDggjiMsR45imIhSmvwjO6ysv5aIT2Krr71W+5NMr78yfRPf8Ae8qNynNxuVM5R5CDzfso3HNQ+KeBeDMKRR4qSP3Io+biSUIek1F5Tm43Kmco8hB5v2UbjmoXFB39pVE4eqKE1S9CmzzT3nYExo+cqSi8pzcblTOUYqFS2oDacUxcpbUJ7VXGBtOLJcDig837KNzZqFxTuqE7ip716KqCHmmwxe8+ytG5gxRuU5uPypnKEW701sQD0cEyyAck3qFaaBfcU1pMrRknMaQQ27gonKP3UHn/AGTYd1opjTRz6O/F6Z6CSc60A6Hoq024iYUESl2YB44oPN+yjc2ahoEpwQcL07dLF+FPzTtwoFaN7ziiDe0rYvlXy9Vs6q4dVcOquHVXDqtEdVojqo1sXtUPlCIKBc61K5B24STXbla2ykg7aKIua6U6XJp+0zTXbk5+0oyN5mg0bFZ2KHI1ZSeKDzfsormgEE71ojqtEdVcOquHVXN6q5vVXN6q4dVc3qmPdKXHEHi8UKLTtVn7kUJbij5knaaBWRtKa0bBidwWiFotWiFoNWiFohaIWgtELRTqbFD5R5CDzfsjkrRC0VcForRC0QtELRC0AhkgYjuK4JsRt4qg4bUxPHp5myLmp0Q7MZV5V5V56K89FeVf7LSPRX+y0vZX+ydXYofKPIQOb9karSWl7LS9letL2V5Wl7K8q89EK45qXonQt1WptrY5Fs6kIdPL00jiaNt5xxJX2SqRnrXPWuctcVrStaVrfZaz2C1nsFrPYKMIjpyaofKPIQOY/oorWvkA7ctZ7Baz2Ws9lrVrStYVrStaVrSmNe8kV7ttt4Tnto7arbNIZSilu+15a05TKtEUb3IvKc3H5VD5R5CDzH9FG5s0z89yYuxTF1ys/KblY+R9PwUQfKWnXL+kINag3uROU5uPyqHyjuRPTYgH0rWaB9f3QrSv5QlcjQ7wjWeSsj0R3XjuQOJ/RRuY5pvA9y11VE6fFEHegP8AqMuQedK53HyIGK3Eo0KlG7lILtXfjuxeU5vCOVQuUYzvAmqCu5Ab1RGk5GSNLsZ9MXDHA4n9FG5jmm8D3f6U2XBCd4opto5GYrmBmpxOibau2DF/TtKkO7F5Tm8I5VC5RiqpzM6oWaSog6dQhW5UTvVVNb8RmrW1S3iWOBxP6KPzZpvA92RRQP3V/Kk4SzJGZPZ1dcFlVcuCstQa3vROU5vCOVQuUeQgcT+ij85zQ4HveqYAzR3Iz24uGdkMUvmKB2NxSAXrt78TlObwjlULlHkIHE/oo/Oc0OB78xQq6abOhkp/g52eK0dtApC4INaZleu05iJynNxe3fYDhRBow2IAF46J/v4Xjon+/heNiLxsReOif7+F42J/v4Xjon+/heNiLx0ReNiLx0ReNiLxsReNiLxsRNccKe6zdNRXMM2l0xmv7TmaGSvptXDNyxCGPysnYqAgeqkwZmJyn6P/AGnNTcJHeE07LlTN1Mgi92k65TfT0UhmonKfo/8Aac3JfDNNxXxmlvrsU2meYqpSstVM5E5T9HPLnbJ3LIElXFcrsW5C/PxeU/RzwzuVOSoczer1f371er1eovKfo7uXOTdiAO1ZX4x3lbfIxeU4muLHSoL9Kcq+6fYc2TXFtSuxZQBto9FE7JsVrmttZYv87YiAmdwCLpG3pTn6yUxDsys1nfMJznCbqyM7pCaAY2zki0J7U/lzlJ4p3qvftfLno3KcTWdkZbcrbS7ojNkyXF36IR4TXTlJwKdYMYuP3Ou87N7bXDenMbDIJ2z9ZqJ2jHSdZuO5OaWWqzFUXNa4EmdSonLmrlUYpkq9VaqDFdioFdipTOuA2iSo1p/uWrH/AJLVf5Bar/ILVe4Wp9wtSeoWpPULUHqFqT1WoPVagrUOWoctQ5ahy1DlqHLUOWoctQ5ahy1DlqHLUOWoctQfZak9QtSeoWpPULUnqFqfcLU+4Wq9wtV/kFqv8gtV/kFqx/5JxiStO2Zy5XY7ld3rld/8Mn//xAAuEAACAQIEBAcAAwEAAwAAAAAAAREhMRBBUWFxgaHwIDCRscHR8UBQ4WBwgJD/2gAIAQEAAT8h/wDk/n/xmfkT/wCWY/6qf6+qClmNRVuJ8hDlwUeWT9o/cP3D9c/bP1j9ATvtNj1Gx6zaLY9Z33gWwG0ChsG2G2C0HkAAFK2nft4M/YNn6ncYu1kM+sdaNo/pBxM0qRxI8RqzRCbV28iSfFJOE4zjOE+GcJJJJGsLJff+kjV0+6H/AE3ctf4V0/wuge6H/Td21/hSv4XRPdD/AKbumpn5qEluBI1JoXHTUNW7HiR6Rzz1JXGHGI3CyH6j1e9nB+e3Z1Q/6VnYNUO/mINciPgCPAnEthCmGl6Iakr1s2XqjRfkxsnBoTOlNWozl2V2ZQkIlKaz82rs3Hf+m73r5k7XyRvGDRYDoNBa6ixpBaM2xE4o1EqHnoNp5jeBWFRm/khIb5DlVTU8315rz3bj/pu16mb8uRlIfZLaTRIUehKRmM0jr0BsRM2rMqGepIBoW+2JkSrrCyLOlsh1CH1VWzmsn5uPykbJK7InQmDohYlvaX24Km6R1VRdkcC4+OKz4mwHcRPoKvotN3oZBzlpFqxilI5HTNErFMydaXUQg2oHkzPObClCSNljPR7jiDx4Uz5i2flaqxCHJ71uA3gJkzK40zi9RXSC5Qmrt0EGUzAmGSjpaHoNIqRzpFdxq48RECiqcmQVIoTI6bbjl5sPyncQqy+ZHRtJaE1dd6jbtCGrLm3UR+FSTpM7jIT1NsqizGn0zzE6UgZsKoRmumgyata5moouVRlvKO7jGtQUaKHhcRb0FlbUpzn2L4K6tOfNV9TL6PkbWRpNu+WeXHLhI+6UcVsPrqvL7XqZ+VHq3JzmjM+Y8iKa1RKUtkaspVSuVIu2rym5G6LbZLH+ex1TuQvzK5GYzVZNFMdx1wLX1FKSyT5fXB+WrNBUbOg4pT0FNAjkPJDMwiwslBTi4d+Flg8CIB5ss2snZrQWY18icDZPkCtvxG5ttuRd4cLX4OvqNzlD8gx1dzcxBqBaXEojy+66jv5VJ0HoIlsYSqJDMTULXhQsm0lEmealKCRRNbW9DWOZSNZGAcFa6nMZ1wtc9al0b1+x5fWh/wABPVzlzYxw2TWZBaQsg5zXMl1VI6U8yVFVtWg9RgRu0hphjSVwtcf4HadRuvlSoWKIHc8C2diLUbLmYlS3EI1F8nMkidkoqouQlJQShCaE2Yl1a1KbuHX7LCWBBT23D93YJIZJiu8urjh/wEUK5ea4EAUo4TtxuKRY/eqqj7wrkaFL7fYt0RO3FRZd55f8DtOo3UknBJJPh0x7yiLlLCTsupQ6Ugk1KrqFjViXv6ETag9EaBijcUpRDNLuEBN+qauHYku6Qkb0ZXfmddH/AEz9vn4lrCp+KVbVq0qjG02FhNESU1ygpNotXBDLpHKDflUymtvGl46uNH/Td+1GyScFgnhLFYM9VUZLX1BbcuYdH3BmXV0YmvvsPUU1aJFUE5v2FKdCnxgvH1Yfmoz3a01wDqdjSVRZM0OMrC0SS6EMKEStVHck6Bm0pkLW+iMh71holpRmIYqZ6LXkN1FEYSm6GZTyXknu1EQRMUtPpcSPopCENMiKqmI0a1GvL4c5Seg3lTSyy5QUjMQfMh9qVtqMdHFOXj7NqPwIWDD4oROZIOTIraWK026txtTyrqFiVF6j+GdVHQT+uqwytEI0ZC7TtAx7JUF4GLx9fH5vV+4Vd5UUrgCWchvOD9RqV0hBHdDv2mCAkoxqemj4nMUoqLWj16yTdG2bKEly1pwSGWK0dnRV8JGl3oGTIAkq1yj3LtMzWqzXoNaiPBza/wAPmTypatHuOSHE5Py13wzIUgpVkpteR37UknFCEIYbGYUsplqL1G9yScWQ+h8EofhJHJoMLcmaaQsnGLhGngjNpnu9Gd/Nf1PnVKUp1q1kV+QtkvamlMiTCzW/wSSHHCtm3uUpVdRN/wBXtTDvTcdZ2IgtW3a5f7N7Kh7ChU9pqFaHF6L1J45rEPFWJRupZMHySM2Oug0EpfS86eiUe4l1SIN+65SFSjFhSy2G5orU8lPQQznLsJEjiA9VRXHC2Azd0y408l0kkiYhCxMImBHRkKo1SEgQ0wWpSLCQkZCpbGcNZHF1EMQ2y16wU6LMu2/gfkdRH507MpTaNCJ3I58BlWHGpejGnGnCmlK0qLlvpWJVkRqQem69oeSlU2cSMILEM2SwY2jqWmctyDUzpzS+WzGbJMtRpnfYlovGssyoZfLDn7nNIGSQcgpUziMxSkto0a8zpWE4ITEIRK1NIQymbEdg65zHAsyD3XDRCq1VLFyuk+vahwMavMHsb2S6jsQtW+jW5HVG7O/AhN6/yROxMp2tKWgcbzpxGy9NhNuCaz6FJlYWmEy0Fsp9RwUZwnuU5XojmFRc3sIaksriNrV85Jm3Tlb1EaasDUlnGhJ6jKrUtLpkyurVJtqQojSLFrWvIjUE7ZUtUactWUizhpk+1a6x5i56YPmdfM6V4JgieptXqbJ5EVTC6uS2bZXCm5vszzeo9OEuZErbfAdqpzLxSNkToFMlIckSyzclN0TsNa15ioEQvgQUMSHk1TWQ+gFotXEbCq5MdrPEWv0DWccRI7NeHqI/PUF228REu0u0MxTm0qWheq5UUleQvOzFwGmnSvo28xrS5CAv1NOeikyZWFvMJXFJ96RSRTrzOJByXQOdpmkhXaZ2YjCyNsRQXhmIkQlrg30ODqciZOTEQXQidAm6dQaPSBH5U0SObF7cmuCaFaaZtpSimFLibwi/+ttUlqG1IpWQds8xeoPrG4LqciEreRNZKCOsKQ4W0nYbqHNZapw1x+xgTsGYvvmSCvuAyQraU6kUk+bkoMaW4EqLopoHC6GaLCuKQlRC2ENBQLNl5DEJNMhoiLNAzjF/J0s+AtcSYjRg2GUbFLEzZsOoj87IRqmOS5KVvu5yvIgjrNt0QrbKjUyE2+JGJ01cjT5hvBVNoNxEyk71NjSlweiIMoIieocCpZwskjFlKrvPSb2wuapGQ1K8RczohWc1yGh0GRrT1bfuQ8ctWv8ABBKVnSaEteQtxkibzsiFIycJGbeiYO3RORle8yjhEOUCjlYyahWcll6jm6Xx77qEVWdQa9R6BSj+0dSgg09Z1NM5oloOtUy2jpUaXj0LJbnfAW7SO0pp1UVSTHX2Mwrq9Q2JGWSWEJTaQtFJaQRW0yehaiubndRECpWhsTVVQEZa6wJs+gqX6HJiScRkkkjrsTEj5LDg/PgxEJcz/Q09DkXgPdsxLauoxEgSZFSRNg7UOX6jqv8AAl3GaJoSuPNBIScqUYzlJqVDjQncdS03SfvG49TmBqoVNQ1UJXHVMTmNKPJI72kkIMqOAlMynjhxtd5OWjhkmzbc6zhO5+gNjTbN5OSqo3dBtu7b4seROKPbtkNcSFzwTVKiErQtgdYxu5MngESSMJkjyc7+/iyKOxZBiKmqYXU1cGxJqfVlAp4NkhMAJiEIWUUNakOu/wACP4/VkxwUoYigIVJETrKg2Tg74SSJiZJma18M4KiiMkXoWoQ2BCwKjjToF0jrvluxAp1Q7iTUr9B/4n2Pxfsfg/Y/J+x+N9h/4v2PxF9n4K+z8JfYp/o+zvF9n4S+zddPs3XT7HqOn2JFRMJtKPcXipqZeXjQjRAvVCKwldwpZfIZJm6h3K9ScXfwsZDlJ6LxvAzPAsCwWDm11aOq+XZ2ZnZtPOQjudx2u3lpcuJISiClRhKd0EyZlYp3cWY7j5hKcycWSPZOrQxuWToRU0pzfAqGw6dqzBK7m9TfxyIdLwBOVOo1SKGmaNjQ7YWkZIeA7+MF6pbD6ZA8wVvdmdm08xYo7/d5cpKnZx6HOupUJh4MoRDjMLnQnVM4u4ioY+5zoVc1lkqFNWLDSEK5iSKX3qJSrWHqS6SyL13HJiVQY1FekDMK0mxl2SNjFg/ECufkFbO7B3rTy7C7pp5EeBeDt93lqkHtRnxoExXmy+iriiIrEk3pwVddi4OHguL+BF2WxZXRC8WYrYPCXgNGbNo1hrc6ndtPLt7szsmnmLwd3u8te32NMpfuIW3I0jYphBJPoGEheV2EIvBn4nqjQQvFl4wrtpzMwmlFIllQ79p5a07sxe0yHRSxlC27qkSZnUpglGHchDhJyMkMllKeomOroq0NhGhtC3Y2qmSUwQRt0gXQlJGgtcLxkTFm1h1f3eXnebMpK8R5ENbIIdr1GmbKsXK0sjJZiTQskumMCVGiMUSMQvCkO2Cu8ISKuHwDUZj54dy08u3szK+8oIfTCxQnyHSxdNMiGZM1GaGZFCzmQgLXHosyo8Zhq+nJ3HUJ3NRITebWUVK+YcWXZ1Gcq8nlT4EjYoV6qr9bCQM+MD3Cm260UjbDr/uF8qJ6r9mI0CvwMrIcoRbSvMqlVCCFYiBq1MswQZtew74KcB+BLBV5PCIdhYTs2PgbApJU/jiSV8DCF4lDoMqnWdx4Q05Y2kSk/CH4A/ADOUrEOTtGguVQ1kSPzaUV1GrqJZ6vw1Un1IJnc0Gw0c+EPiTLKomUHb9FOqUPfMayDlXC4i6WUiE3BNpE24kcRTkdzaWk5CZJBDUs08Or+4mTVTH4E/Bn4c/D+KoUqwi1Vb6CDUZYXAqxSuCDctgkegU1mCv6V6kDCSySFHiIFgLR7VKGIRgSEwKEUNhYTKyJvmBKazBFlRYUO3Mp6vISQ9oh07DUNZfLvuCE93f+nCjYCVXCNJUp2AXsMiMIwgjF4ogjDr3uFRQdSAQmwjBNdJsw1Fo8xRGCXHwILRei/s4rDEhJdirJSWba6G/X8CDjh+paHYtQyMUZjQIELBDFgbCWGQ4N3MSpUz74wq2ghubQW88MFLegpPiKF4SmBc+LVQWtC47OrLY7RoRjAkQQQQQQIQsOse4S2T9Ctd6YJqwnz+g9cIn8Q6lQgm1wKF4LxO3OmApUdmWPR3F1iYSvcP0Bny1VGprgwlxTJmRET6GZlAeUR4hFaEIiMHcWEGiKRBzZJbBbbk86WTjf6mMm2hIHyF5Icz9wR3ao/FR+cvojzej6N12bHb+gj73sRQ8iolqJ2GRBBBGJGEEECxgTuMxPrRJQEE7KFeZzwC1noj8RH4yPxkdujvUVcbQ+GBIQxMamcqDG1RZKegpiB0aD7WuO+vsxVkQirSVDGoZEZmDJ4DQ/AkUkYHVisZlGCrCksZ6mkNfbNVi5+CvuqYxCOGERfHjh2uYneZEEEIjCCCCMI8PbNR1cgjxOmHSezAjIh85XYztmoY51xUtREurG22zRJbJ0BlwKngoRjkLFgQdV4Lkh4ckSkUykg6BUtITSEt0FKr5vfwdm0wnY3dSxJxLE7YITt7i95kRggKLnVPSWyyFXaI2KNUGSXEpXYMIrnBzGQpDxCX6jztcJs4m3epW1QRrjUbVT+pGybo4JGEHetQ2SW7JJjLGdMZO+aYEIttsgkZMNCkpPpEleyBanrdVoNUotdgq4yDQ0QSiqoxITCkQPSGITMjKJfPAZWbgbRQWDnmiyK9p8K91kKEjMpwKKwmU1KIRTUULc9j8nYtDiLeHaG/QnRWp8C6L9Yc0DyWtWKj1JG5Uk0TVyCF7ZWOWmm4v6TglJ4cXiQode/gdetGhlA9SBMOO5lPDQ4YZPsWIi6LOpboSNqOoW8+Y4o56JZl1Woe4xuOCoGhCxIlwjaIEFEiB1ZQGoCYKrVyzMsCnRskPWNBj3k/AQhEJeHtWhFMLXI0wdFuRphEKo1oex+ReyyIElSo5oN7dRqc3ntehFVZpko0QccvcUIziyhGoZqiT5ORo63R5tYU03lUZmqRFRKaiw0ilEUciF0biRuNECHOsnEawtcjw0dlQbAiREQsJcXHqZbHoY0ckhY5E1TIxujkPgQQe4F2KJPQRxTCekSGw7JajuubGZBHbKN7sjhgIGZnoWuF18XZtCpU64OTqWZWDqVkm3wfk7iyI8EEYQR4IKkCBpKIONcJM9SpLFhU79oMJkkkl2qJZj3ZJYRERm4lOeTGpvWhiSdySxkDc3KEIgd0LUQmpCW5xkEQLCtDq0Ig6K2Q1U7XETnpZ9SWuWyCqr3eNJ7ygnphRkrLCnAlZCuUZRWKuB+TuWmD8FCERjBHgXBWKHDChKyEUJ0xkmJieB4Dbg2GzEERZuZFSMlhsnR21HQYKs+S4hncbiW7DnfxFCoWUmINXBElV/IE7DISphZbkaFdCy3IzWFuJwKagqhuRFKIS0Xofmj80fjf4fnf5ihkf0Dvv8PxP8O2/w/E/w7b/Dtv8AB9/9Ha/4SRkqLaryJ9hM1RRcSMLEaYUUDWC0AhPEYknAhvqshYdTURZlpMuidVkITpbyDJQaFkO85VfYZbmxDlqQ1Y51j1I8jumglShUSIHItjPcrAlUqrHv4fchnXCHlGGZDFgxGY5Ee45wRUSKjnAJJwSNkkkkkhM0/wCJaXNzgMlTajIOHPFeAPCG6tu4pnApS2xrvDKD3kPULCUkSMaeRHiq7Cg1MKaC2woJ6YUZTLCha2FMyYssKCayEUYnphRuwmlZYUYtsKM4YNI4Cw4YpJJJJPhgchrMZxJYZ8cAyGhpMmiK4LwHKJWJ8Eh5eTrcSUS9X5i95kJUIZYuVHTiPbC3E4FSxcgsRng6cTgVLcSCpaiuNVoKpbiQVLYRhGE5Y0cYSSSSSSTgiRYWJQJ2qjKRgqSdZwYMAXqUvQRQ0XbDu1Y0yaVSSRPA0QQPBkkkiTu6BKxzxaEMihHhrGGeMeoxYNCoe+Cxt4IH4EmHWcA4GBuG4bxvEtSWotwtxzEEo3IsWRYlEIQhCZSISlt8RCXOIcQW8JRmc8OY1uPePcOJiHftBWw4+fQWNicF5Gfi655MiaKnCFJ0BCoKoK2UHFNy2EA1K7GWKdxqPGS2VHLiPu8kAlFMIKW90YI7/KvopEyRsCbj9RUZqWurVDYtR9kVJVls/MywXnp8CVEV/JYosyLS1FqBsfajXrG3AzWzKAp3+aQ4ZSdoZ+I8iRDwRsYFYRcRSxZa5saqDzKRtccEbzRPyHCrCXmhJoW42bN04iaaNOVsUihqShC8EEiZLCjaO6MH2hw1WRRsXyFC6gj1f0Gm40/o1EUFQmIVn038iP4sz6UalDSNNexQYPKSip1IKNMZKOIwOh1LKJUNPkO/vavyJn9q+EUzyE4kNgjFEJqDUEXIbUju+xxUkJ0pmJNgSKpIUyCisSKrI6SbQSLOBI0GRJsfFSBEhoR43dKWVFETcA/8UbLAp2/uHqu7c7Q+Tvj5O1Pk/HfZ+a+z9VfZ+wvs/cX2frL7P3l9n7y+z9hfZ+ovs/YX2fuL7P2F9n7C+z9hfZ+2vs/SX2fq/Y7c+Tuj5O2Pk7o+Te925vO7fA21DZAgC/zg3aBEMhPmxLqJWRAgjwtJ3WAuB6L9TZfqd5naZsdTa6m2/U4/qPNT9RIf2LEiwp5kEf0IsB//AAQQR/UNyN3W5HgjFQ7Mgggj+PH8l/8Aud//2gAMAwEAAgADAAAAEDKEHMOEMLFKELCENDAAFJAMAAAAIAgogpNlvKAPPFPPAAAAAKAHPDCELFACgCDggBgggkgAMgkLDkHMPAIgAAAANPDPLANLAmiErqgjggqigiiggOviPCPBAEAAFCMBHPPCNKPjrlqghCjruvvvnkBtvgFBLAJBABAEAAAFIPKAvvtnvvvkvpeFunroEtggPBGADPGLDCDAABBANqpLkvoFNPOLatvvqggojhIKKHPMMMEMPNPPLClqkiEENBEAFIABPbOAQAgAeffS1+5upHJWTKhkqtgCEIAAQQBFTbHPNRbAAFNMhvqBt/TSgLj96EfYsTKHDLwQUR/bxSE8baACUsdlAucQDHjEPOU5t9+NPPr+3zyVO8e1YfaYAXaCWRq0dbYMcLvSGx7Q/wBxnf8A/TvVNVuWP7+58ML/ALDDLxnsjBA1C/O120LMs50148F1SFlwxxygzohMZde+wwy9fZUXvRd+Wd+y/g4u2Qq2dg2r34gqMUkY93xrbbeSwfdRV/StIEYP6L+vnO2Mog3x86AQQA04dfQRVZQdewxx+rfzo/b+mMEnq/NHtvz24aVyw13d4LXklK2E+1fhXHgsXCMB6j5QKINl8xbXz6wwbOdEy028UvcWOHj1iMybgSw2Es0gEyw32R0c3zYaw1k4ZKocCgK0OvwvZDKLoDx50/Ygz/QU197/AOH1YEb1T2yOJjSCoxp44IzLff8AsgSeGyxDPP54C/8AzafcHLoTf95TVtMQaBjKjBHLMTszQxVf+4Wcy2kIGUfdWTI01IMeEdK5JFFO1xd3sDfoYY33fI+5bDAg05scUj+3YhOgGC7GvzsOVUB3/wBvfnHB5UMlfCJqOgMOZ8eJo8blqvQEh1mhIDAIwdXS1p9pnhIpxK5C6ZLM6stmO1pb8sPOD4BmZc+GYZ5TPQrsITjqukgphrhANO5aRgbhCjWTdMIz0b+FMO75kxnp4Dlm7JrSA82EzxRdXqjW1fDyrb9RkWxa/PVpS4xuOMaIha0L9PmyY4LoYILU3ZwgNpmst4gjr7pEyKTiDzoS1z+ZQ9DnrADLLOlaAzMqZCiKDE8roHv/ACtw2YSb4dFZkFnvwXMGVEDwuywZDamp4ueQmQMEca2WvLNU5BJejhlygSvoPV+DKRyE+agEoOow0eyeSGGFiJ3/APUxWNEFM0Ky8kcurlHs+pKsgnmslvMrowzuDgXu8QtYUMdKukPjD+O664W0wz249bv4w5XSiNz1Y3cf1nrowZFCMrza0/z2TRLDWRQw/wCEU10GbnLJb6445z7rKuN/If8AL/hRzz1v9NBBx11xxxhd+KDPa9t1x5x1ymyiyyf989//ADwyw80885c8YcxTHLLDDigiwgggIgwjz43XY3v3fwf/AN/73/3/AN9hgdhd888/iAACee/+/wD/AP/EACsRAAMAAgEEAQMDBAMAAAAAAAABESExECAwQVFxQGGxUKHwYMHR4XCBkf/aAAgBAwEBPxD/AJjn6PUilLxS929+dD+jf0b+jfYeA3yAs9h/SrpcFJ6KxOhiwJ3vI0JmV4L4aayyhrF7bxCV0aSVGwsibTRFZHdndtUbTELghgaPA/QbT12JylUICUwi+BG2EkCXk8d5slYbDJrHZnE5aoqnkxmFNNeikLYqKvE+oRCEGudBM9FlVNn2dD7cWQtnkRJJ+xyjQ40Y0mjGlB6HR0TatdCIQ0Qa4TsaAleREUo9Bjdd7ywjQm7YZiUEzuNjN5QraTaG28sbOUT1teehbEiDQxrhBWko8KjY1wWBZ71XCGLSE3IkNtLQm1pDytFEZWimUJOii4BraENdsfKf3DdtGCQblGjHEKcrG5RsbbyLWDIxqhBrPAbeDbLhcrr9mxoz4GkZNpA/Q3HdKr8/3Q0goE3yMbtPZa+Bja//AEkgnCD37lsRL8MWOP3FH3MB8NhdKVc6WfQ7ZZ6f3C/IsX7GxIJ2HT0IpR9FEUwPXRfDq261xM6WiyW2/ngWBDK8Nj4CDxbhbgeItizVG3HN0TN0ZcjGsmnMlQ39W3Wlxr06kIVuE/wJCg9h4TE0EPO+i9YJ9iHW71bC41zRCZr06DPP5/GKkLtIoKhhYD4LyMPIYceDbRrhE9kcIIEkn1o0NJrikkkTJB9CTDrD/sUpo+CmY21obYsjYrKMbDD5J68CU4ISjIIIIE0+J1uInikgVJWhDaPsjL/n7/kp3sOUZSlLgbKPAvoR5zb/AMDmbeevYXF5vOvToGYt6Z8gK9Hl/lFEmxZDY2MUb4Lggj3F4+3+xv2vK6d+90fIxiLeRoF59CHpkiKWkxoIJbiI4QlwSsb/AB0Lp3F1LraBjRrKHqk/Bkj+P/ZS0UK/Y/cfcG+LNCTQY126F0px0+BXrjfov0V6PifAqulwYxljPs2OTU4f58m85PkOgy8vpXKXenGoY2MfCSbXpmO4P9hVCxsJs9DkiwhK8J3VpeJwuILjXwbYx0gyS2NUUhFHJXnhOFldJ0Yna+/RkTUyKNmCvmgkZpscOIqXAmzHbBIXkpeIZMmTJkyZMmTJkjMmTJkjIykysvFKUpWVl4v9JX9PXdfPjvf/xAArEQEAAgECBQMEAwEBAQAAAAABABEhMUEQIFFhoXGB0TBAwfCRseFQYPH/2gAIAQIBAT8Q/wDBX98f8V/4rz3H/gHG+N8791f075sofXoUSqrtTsTtTtTt/ZvEvlvivG7ly4OOFy4v2en7vNhwdviU5+hp5a+1QTETWNN/3+IFi/3wwNGssc+iHLXUSdYFaJjWYLR/hgt6nqcEEbQUB1gFQ25XmroWKF1y9QCBdLkyP71gOTEOrOfRy1eInWe91/sG2GitYTYzd1dbdYGIrPW/MBg3jFsvHR7xwbv2jadHm2BVvrleYrWbaVyZUuWQJayKJWh15tH0Ak1QoU2EUV1fMWbfobcyK565EqrjqTSDRLKrMVKlJazNfrK5Ned0Y8QRcuasRJrKoAt0tdEESzn3c6EOA0ZtU19paovejOFM9HTrcZ3DAx1GX81HXzFTGcqt16lbQElAhV4eretew7NRKLJoS7pTORyjpodWVKFHDkpZW2LKuJzVLw0rFdnI9mJ6iqMYRkZ2wS8IbPJoZcuEGDwpN8qXiKbR6Eq3Uoudo50TANBoN+u7maoeRi7ttpphyWUJsyqwqHA2KxjSi8WYy1KVS6NM2OXrn1dMwG3m1S63QUEC97q8OhF+hVaaK5smLXQ1OC4MrBr+WuS3cu6tbzLhhdfS+na7fVY1maU74rwhT1hxraLLhCKXOtlWVC1bWYAdYs1Bcca82j6CbFgy6FrrrSL6XjDKgDPbBVN9ls7uRMJUtjTNsD7569pYRe29JXXS2nUoDUjSPCemBxruq64QziFQKAdyurebpXGt9KBy6bGu7oe+0xrTGH16Sm4d14idgP8Al/1n0l1UM6ZitQ+/Zf6uK0sE0IYoqLwP4gN/MHr5QNu4o3cXbYMuDjKyhxCahTDiF1qI1mEHhu+gBsXij0Lt6qI6b1AG70t1YVHrmkx21ih6qK1vFd6zm8VTpCgGOh8jbSIE3t6b5zr37tZMspuF6Zqv9J8FRW6psG7bs7OQ0oDabIvoOtBWulX3GumbyyLKbWAfBX8u8yS6AVNcB9gPX3gCtl13V18r16BEoyNfcAV26NttWUYL2jN5a8xnYH1huQ/iNsUQYeOK/Dp27RLDaNYgqivb5l3nXeK5YgoqaHlJVtO88fM7zx8zvPHzDrPHzO+8fM7b4+Z2nx8zvvHzKgOAyuHgP9TVzVHz2locAiRIGHktW2b8UZuZnM/Z6k1OW+P9P5hyGy7MGVw0gDsQ25UOYjNyuW0aoILC6VDCjWVCtpQcQghjLIKM0vLrfu5HlwGXL5P6fzy4p2ipdGLUwVVuzUWVDEvgxOUIYsBCaHhXHU/dyLL1lVo0moDeNVIKl7zISgLDdE/r/MJvwZ40eDL52jNRkJGOvC4osuXCHeBLGExxp2Z2Z2p2yKUYiRPeKloI0lsVFN94p1jNjb8ztEOiTsEOiR7EI6L6RHVZbDDQJvGkMykREJEIhKQFQY4Bmdl4KzGuC/R/8neh1f3+I5TSPL1ly5cuDL4I0tvzO+fvtOmn77Tsv32nZfvtFKdJQlRr7TCjHgwo9U3wVRDixglcIFgtsgoo4b+FQlQft3I8vWXLwcG8COHD+n88a4ePCYhqS+oy1P3pL7dfuYlNRIM14CVwMlS9xGzbhji3wOBw/d6k1pgzCNcMoJeZcXH4/ma8anjxQlW3YAdfjE2IZjEnYiowiLgnQmYERy4ODHydOTfxrh+71IcpXJpKhMvb+eXw4MGYFMQpuYVV6Pp/j/cTqlypR2hr1DpwBpHTMdE0iWtIAUcm7lN3ozuvHxO68fE7rx8Tuvj4ndePid14+J3Xj4ndePiUgrK5MPRhBCUSmF3Ulm3OHxDZcIQjBHVFHTMGnJU3cz9XxYQhCaRRZh6kVqyIloGBZgGqKbmUQMC8gq6+i818mZdoQCAQomOkNuCXUVdZTvFsXGLiVct14ATaFNoV0lE0SgwvXt/v0HjXIdO6xKD3RLDzFaQtbXBNJ6UAvENRQQ0guTVK+hB6SnBT6IrUqUctSiU6SkolEAJX0L+zqVxrnr6tfbVzV/2n7F5P/8QAKRABAAIBAwMDBQEBAQEAAAAAAQARIRAxQVFhcSCBkaGxwdHw4TDxQP/aAAgBAQABPxCZnfXeG8d5004g6bTjR/48doa8zabGmZc6+qvSev7SpxDS2cRm0JzF0zpx6LnM59HMu9Ll7+l0vWtOdMzj0Gm2gziG8IakvRdPOnGvGnOlw9J3hpzHRnn0pq9ozcmJx6HVnWpj1Yh6HUgw1N8xq4S4ajDtoaGmPTxejHW/TtHaycSvSZ9SdNB7aOYx5joM50YeknMdOfT01vUNb2hoY9DqzmXW+hjmdtHR0NOJ29bzDUPRUNeNO040218xhpvMQ9W03h415hrxOlf8+Jz6OdeNHQjtDTPpGOdd9KqGvMrpo7aO8dMddOZtrzOPVfWHovpHaG04nmeNCb6DCXLl3p7TzONc/wDG45xpUrQ/4X6eZnTiOiy/+BtM+k20NTS9D0c+nmOJvKzriOnEr0Gm3q7f8DU02nMxEm8uO0dt5vpzqzzH0V6ONFbhn0Xo6kNDabTOnE51XpM+jnV3qOr6Nz0O2pOY6DOsxWu2040ucZ0qOJttoc5m2lYmb0I1qaGoRvTb1DMVH0hredL0514hOdFhqZ9W0YbaJFonWWXWnEZsTjRzp9tHM51dLxOdajptOfVz6CE2059J6Otzb1OnOlamdKqba309FaIWQcj03M8z6wspVVzo686unMZtONONBjhleh9I4ly/Txv/AMGfeXDXjXN+niGpk9G7o76/fV20dNydtTR0ue0dR08a1fqJ4NOdLnEGV6DrPf1dNDR18acTxDTnb0bw1I1d86+YmNLzpcd4/wDEcac63pf/AA9o6XpxOPRzOdTXaGvt6OJcrQ0H0eNPGl50Q1fEdtL1xGPouGl3FhBzHW9NtVl6DOfSegdMXrz3n302mZjTaeNPE3/5MzrxC/RxOJzO0vS5ttpZLj6NtLgy5405gx2gx6S8xaZcuIGusv5iwl+q+kITfXjR9HOmzHbTzOJ5jrc3m/r5hoaGUJiwW4MyygcYD7RVn4v6l23ur9T8oL9T/wBT+pmx/XxL8fx9pfvd/OkqeCV37M5HPpI9jnBi7zlknlOknKfLHpfJLjljYpoyj/HxDDyfziFv9PpMHK+H6nA/E/UMFe+P1MqZ/D9Qzm32fqUb+2P1O4+z9QLFnsg5hPbKHN/hKqtvbKGn4sEFq+yW2UvxgF2/GXDgFFDVkNtOmjN4Q059fE4nvKjehUOuoy9GGptp3UYNRPzBjppXdqzGvCLP1YN9JicRm0uLjibvQv2gy5lovRe0uCg5xLxcbRa8S2+/SLNtoLct3lriq4Yqt4V6y3WLCrYqTayvCO75nM5lw0uc6c+iqnmO2oQ0JU2mzHmoasIam0uqHB2Zc+YS3EzFn0hvLly8xYPXUgyzEW5eJbUupfzMQzF4lxbheIZu5e1R3lstm86w26suMw/kxi5ZWly9ScaeYTnTmZ0APK3/AJ16BNVtytzONBm8tg5g95eYY3l7S5xmXB6M95e0uXTosuXBYImZtOcweYOZc7wb6QdLzOb0zUNl1+1jhfM50ZXrNHzM6d5wWfM4504hgxp5m+u2tQlauzJW6Y6y9b15nErGJfWXLl4mHmXBnE/sxveE5g/EY+832htmXo4uGOI73NveJPJGO3ENjvf2cd3nV9HGty9Kgh3iE6sZ/wDE6ROD/nDgvoIfBHb13/ZFgO4sPrBF6C1Owhxa4sC3wP3i1zL662y8y/8AhYPZLc9ZhZxON5xc76eZvvCrqYvRJ5YdsTmF9Y6XLuMONLvTxK18TzOMabw+k4czKBR6nLc8s29G+dPEyTrHjQjeT+GHJpsDbt/aNWgtVtfeYyeQbZRKcFAvtHNmkKBb7DKqoGdj7kzyByBjCjic+T/0IUDD9gdkYw3iRw408xhpcvR0+37JlHOJvPvLnOZ0061pxrxPPqqeYbx2mZxmcS8z76bbaVjSp4JmODJiC/6MY7vl0PVfXR2ivK8dZjR9dg+2eZRblbgwWabZfQjx4bo5fMPc3oWsst4QRfeAjTvZGqKl1yHc5IQKmG2EAdxjkR/+Mvdfud+m/WYhvDmBoYZzDvpWnMqOf/KbmVieWXpXePaXPE5Zh7QxM6G16Eu+NN5uR0xonSG8SHed5xUPrptcN4ECN5mz/qsdjvrxDX2094d9oilsTO9ftlugqdDgleXmoymTCGZqLe4BS1ArYw2lQrh2xCGR5wxRCGAaL6jxHrq7sGYxAr8g8doNgtzbtxGwNO8MuaKra83sJ7TbS5edHHqXyPuTc+Y99L7T76V10xoJKpQHLNwCBHaope6odIUwGKh9RPZq+sedS9AQB0Z2ggN2W8NSsg5SwLS34ilkUUSpdGTtUYgDShGmDZzLIaWq7lBhdiD/AKU7jpkLe1kuQCwLGyZzSV3Lm4PWfMPU3AVU3bzV9OBY48e5A0j7kLKDecZwG25McosRAWmWA3OEyc02+IiGC09DEd8eg7zN7yobSt5dkxb+qR3eWW6PaedD0U418w4iE18Yy/WoDTLV6WEGlERbnzKVmi7s1U5DHzFltrvVL2qwNU7SoUJBkEs96zW8u+Xe90CedzO1LDohJVGOLbz/ALFwQujABsdmy9sXHLCMrqPHD5jOBiPQQnxyfyfWG+l8SvRzq3WN5lZ1/clLdMzzKnMZtnUSyduClvtGgT4yNSvDydQJLhyDtC7AKNpcyOyii21jCXDYGrShcQqSVUOqx13jjooTIObepiGxhRM0boPj4luMVACvRxUSeA4FKA4bSjPA5I/YCPcCDzRCqMm3WZ/6amacvsSkdJRXYAOT7oZoRvhWfZeRFzoPuQdqs+uQ7FtnI9QlKi9oCO3AccD2RnvphYbzvo6BxdGhsTn7WLl5jpxLl6DHRxede0RO4+Uv+RYz0jguXCXQuyqjjAUjQq+FTfj5hcdEvYrFfEXHPbKCt2HHLtAAEl4IVSXT4lAsYFge7vvx4xMXnYaI2GxZjtKkcjHZjsGKR9WOoiodg/ibR8PhL/MZWfQOfRtzMgc/5TLeDnSs3O8JdTFx3YzxKwgEVQbW5Dgbrib9JE39MHzcTijlVd762WI7kCzoAc9txmPFqHFGw9oT7QQlxVuaupalobtCU7xAgy3YiZ45i4GcUbW6r28IPEQhaQQptQ7235ma2ZAppxhOFfV2jASbVd2DKvarjZ8n5Os5lISxnL3zAVAgNrSv3g+W7G9g70YHpRmiG0e0+sDMxenGjRoBv5+xiy8y5cHGl6XrZxVflihf1bMQv4lKDrcsOSyqqm4ROWK+FeCRVpQFU10SAzmmZ7xnDJxhD+sYotVwDQNtPbvFNDZTU2DcrBfFXUoNKo2RCnYnyD/ZnI3LDbur3ofibOl5l6VpXXT2jw/1ibmcYl5jljVTnOm/mdnTbppzpzNoxxDO42txt1hovcrVVQ2JvfZguloDSCrzYQNXv2hOAistykJ/sXirIYQqGKZO8bVqs/cFj2YwhqMKHYGLrpK6xnabOJTce0zHeHbacx0O+n0ek/kdMyPMGXBg5l6DoMEHXGOTt3haoSmUK33Z2gHyOSGtHDPklPUotRj2UtWZQsghxYou3TEBDyyqHmjmAQNS96Kzsx+lXYbHF5zEsPRCqX1d4KrFlpq+0qihA4ARSc1sB1egQ65iJVpBm82l9ZxDvoa4BlvnfQlSrhfVhtqXoQlzeU2JpUEbunMpxAKElUzuR7OA4gpccly5SL9Nt0XN3mXTgsLGr7zVvmVA6A5wUKGLj5CtzaOYyuum/iYJ7Qm21wuHQNOI6fyOmDbzpM5TpAaBcQdDpCA8XN0gsjeWeU6MGJRRZZtxLTRisd7vaBgPbOYhAGY9Mr7/ABGYg1VtHTNTjIq92952j6oBfDQXGoREQQb4uA/CWkG4j0gZAzGXVYIwIrZeh0O0rMN5xtCHpN9FZx+U40xdy7jvoaLfaEqOniVLg35nljM1jTidJxDJPM5z6OMszOczmVFwUzPEot/ozJfOsX5hnA65marlhDeDBm+gs9UUL3Vj3ktXllw3ZSpCg3UohDVltUEBIubrELL1qoPXtFHyNHIRX44nmNXmAbys6JZKt57ej2mZgKP8YsuldYEC4ue08Qjtpe/WW6cy3TMPR1nGIHNabMe85zoHtGHBM3pzN4ysQZq/88yPmZQy7wbYoXEG7lwZiuGmUMMKYmU2otlVviAZv8ysDm7MgoY5yFystRy2ukLq1RoWGWXkKZac/eIcXmGHldRzV+JR8B443+T9krmy+3Pf4nMqJPMdsS4Z316zBHto7P8AupubY5jrczWlTaGSeJvLsV19YVyw0DDBYRuKUMXdxmM+lD3oXF1b7SnhQORSy6wWS6EkbUtlybPXabrpXxg8kToUpibpp4afhl4yC0JvTzEVAYV1QcvsGuYE4Z6TZDIgXXMuhpHoOWHuNvECX8nUN0D4I0xTYLhHaC1brCKsG4LNorRGNhRt1EhwuMhbAVeOcYlgeQaluU5pGukscuQCaSeMm17w22VNWrHvDeptKzGYqMGDb9aLLmXLvMHEwig8xxOkv8QhFOETsGGw3d1Et/JNJ4jUAEBH3ikr+lJjptLEyFzOrjV12aL6REI1WGzi/t7Q3Vg5o6h357MbZoHJLw/vzGJdgPYg6+jZNmlRMSqnHfR7Z/4zdo50UqM4lXpzPvOI7RJTPvYKfgkB5ncu0gsEozNRnuc6jsOQexHsrAbWJ75KAI3WmB1ljOBkFKeEPacBEGUUh1VbeajJlGt5aH1+Qik7lNhPIpQ6DBrHcpDJ/dITAsm9WT7I8B0l1ycnPj3kkufwRimD3X3EqY7sC/J3ip1KSNiQXYVx3XZHVqCAuXRPybkeZ2nENeIbBid0LQe8GJiizO2UuZcQhEumAuAIvLQPWDCULRgiKnmIqJfcEVQNm5M5xLLdOIU5lZRPHSFN5h2rVg8WwFtEKprmpgVlW7OQOstVgoy7lxesNL4lacTmMfw4jvphhtE1uofLLzOcx6wuLK+1RUCgVykRuLmFjWIMpzsM3keEpQ2QstkDWcBD0CpR7OGkCBoDkYFiIZgPU7JFoAAHZzGx8TeGi2FNWTvBlu/CTCQpXdCpZWO8B3Kl5LTJCSmU6NwCF90jjxUolKKsmKHwO5kgr77RDFLtaAlg4OwJq3qlqlheDpxbXZs9pRNYrkofMez4xqcF00dWmLSszQ4CCZuX7VGpgR5FFOavrGe0Mw5vRrBp/Y6xTbegiwjwDtF50DiKtFXEDL7R6+Og/MSUMAKjgIjArBXmM0ELyLrPSBWWFdDXENRKpx2zNj2LGJ9eEVZ9QgBEsd2KibTsX4ejLm2zA6QfnnXaJqGxrc764J/NRZlxmZXGrPGnmczmC8Swo3hVrCPZjzShIlo4UQgUQdywQPn4K1UgOBRbiW5D7CYBXYT2Y3dhIqrFAaFS+03P8GI0EzY1at1QC1mhY1vFzlWElYSbJvsMNOUY0oIewhvkCXnAYZIndArRXVg+0FS3yzKAwKYAWo8CjLNQsYgAhbQtMxOaI7oRH3NOY99Ce84xAzDeOg2v7Ys6OkuLpjSSsTHUAoRfmYMA0KB5lnk7EcgA79WVlBdLEyifDAhSs25HtKC+VgfHmUclyJGdFZNnmVFyMRSs55HaM8BV+LJ9El2iZikcAb9EOSWoCXnu58n1IPSvKrg3LZem+2tTaLufojvKzLjDadoYNDeXl6x0ueILXClQT24CSIvkQAGfdFKD8NvWGhkyNCuIq2MC2LS6fOtx0l61Plw3FZVA5OsAfgocIvIKt9mtpTvcQeimlYHm3RiT92gliTYg/aIAlu7aUJaoeba4Yg3hizPvGwq4cQ7gvVQjLN2DaTiLE7frW2hMx3IAbqHDU2Fio7WZzGbuYT21oiVN9Z35i9IOMTAKhGgtXYmJs11Qil8RcrB1SaQoHFQtMZERpGAgDtzqLcXiO0JF4K8htgMQ2Vszt4IxT5Jj7uObT5irkG1WSxzjdMvOHLx7S73k5QN3hGaB3dC32i02hVOYn/beldmAUsNmfge8QwwljYJ1jQx7BD/MoqlvBC8zw6+ZxOB/JKWxquk+Z3m1dNKoJUDMDMq4TFzwzwRpyvG3tWhTkOGrply2MJOBQs7c43xEEGBbFsFl47cc1DYoXjUGAEjR2XbMdDtULMWZMIlImEZQnSClCiaFvZLw9JiAiQ1yk00U9UlRN60sQLTF0kWIrV3VobCnYzSl1FqJ2721bBwb01dQmcuZ3lbrTt0Quoh9pRHjnhS9LOsJmIXioW3dwcsQwQsrNAKbzZxzKRCuNW6SbtprGYvaBQ7sKBbTQW9o7EC1i7iks5N+0owBF2VJGQLW1kYrByCEGyllpt1OsL07+qxwOi94bvnXjThpHI1FkSD4GshWkRvaoiKCIUsyDTNhH6vT2Cl9A1joHmHHHd2mIU/BOAUOnvcjRnvGSRHgUkbHaOiW3kWX9Jl3hkUgxUUF/PK/0wBdHzCHfXfMWt94WLxXSF9oFFcP0hXsw1Kq89YF7H2mTBfaMbA8ESnmNef1PJLCrFw/rvHMKAdXKdavPaXxvCF2hz9R+kJs1g/c4e0EZT3geEfeLC1T2YJ23duJV9MgJygzH+nGq5icw0vrLucS9N5tEbU01jzHcQ8N52IIiI5UdZQ0BqU2xKVKEct3TH0zXBRAyCFFjExrn+JxiODbxQtkxFHvgXHUX7kQ6QTHInF7ohYPXKEBUyBUBK3rMFVlcBnl3CzaAIE80IjasRdXNBVytNBeRXbVhHYFYYjHHW+LUrM1QiYsmGNZx7tSA73q9IKCARvCYZoo5VxHUkaMbrBmYpjx77ghoBnPSENMA7IPKBahhK6wI7AukEWUxZq6Wwx6p9zFBtfJT2Q4l27yZyr0VJOkTJQX2scjHHPTmA+zIBcsSwEb0SquEn2kNDZXcrZnKIKjAZE0iAcpbdrFxYSlphgdsU93SKltaDapuT2/WW2k7vMqRaeYFoO4tXMKw8w5pC5BgRYI0wbd1woxGy9jnLEKaernxzMLZgAv6wTa9QE33sBmUt+1Aga3+E3b/SW/iInYAqHjPEh2nxKnhPIS6mksB36vqcfEIc4N5wN/P0l/HWGycnd9GCu18Sm84+JcI7Rv4e8b4aLfZP7h0YJmou2Q2iO2Ki8qhTyFK+zN5/NR02htN9CjieZzoMxpjQNm22Ks9U2uFkGkV2lNlOuX5iGHLXFnRrc7SmCpcS1uNcdoIEEDvneBAbZVHi3ExXl8/wBxQyuKytoY/I3GXWtrgQQa0Kz1rafLQqwq62usXAlXheIgcjSmNzfaF5AullFJ8QynCu1/MzY7OX7gWLmCLu2RUU90lfLvDPPxFNKrAC3Y4i/7sIBMIlPDAQYrIppsx5zOP7axqL5ZJyWX7pXdVWWo2B7f4nxBVV8QyS4iUURaTGUUmB4G0q5nJcZsg4rMXeEC0bWGEdXUvqPxLzLly++h8mnkOg+/z1gFHCZHFP5gSRd8D6wIsB5/ZHAYW7E/eI3e5sidzTXTQJaF1iVoBheLTp//ABiXoRvTtHXvDmUwGVAqbJ7QuqNpXMroSsypUCBKlZlZnM50O0rdJvhhKh10N2dMZbAoPvj8xBMQG8xYlSbijQM3gjynQndLxjaNYGiEFCbWkCorHS+pWDiXcuWaKEpBHDe0ckShYLzH80q8tneLOgsx6cpnOXEchwseAfmf3ekSVLl6MIS9DGkS6t7r4gZbJwuSLeM8+/VVy2o5Okp03HEo9rKkd06kthj3o1jeY6Aq+Pdvhne7Hkmfsow9vhmDz32mLn9p31rulqXNLgYtYxtBRtNuSVoPXQImOJXDDEF4uEsJsfWEZsLGFgJfCFat4HVhyRYI9IhC2p9JumKi9I2yQYKwe8GYMxtdb0zeIA+kM8zlzoQ3zCNuPJXWZLeYNQo7ij0Oh65jKG73tS/E2vH4YvicTiCVOZU2xOsJUFn2RfB/Qm1TpUrOGf2ZbQVK52m8O8MZmTnMCt5XWHaC0zMrIcDe6A/j0aeJR10PaVmO1SpX0lqDOHHmOuoRZewfaLb0rcoqA8xPyd522gVqsPdvALNlfoaLUIdOXaIWxfsRV3XURhrZ7QYC0SmnSpbBTY45QEji6J4j1SFbsbQMroffCVdMkXsX8pFBW2gfK/EEBsBICLe0Mfj5j5DCceIdWgimhNzxPsj+UvlEaFNxoEubQlpY/EVgdyj8EambzODSonzAmzjQjzdJG/4sJUBXecpKbxA+ZxAueYTIHSNpmdkB/wAnidk3gN2h9d+xON5XWcsSBiiZuBe8+NBL3anlH5jppX3BX2ITTbJ9WBR2ULeYeI1DNK3sXFsrzzKACNmvITDeXL6TNXMMmNrgSUruzkO8tIjRv8QMWpbTozcLqUt79pYvQ5S3RUdEWTTvOf5ECRYV7rP2j9pazlz8KjlLIncx+IhkbbaXO8FhLh5TF+8MDHYLet4YMS+XRUWzHHN8UFQN/FzaDC9QwQWXWRNTaZqOWVDM7Suks+J+YNv+BKh7QlYWdKnTaHuRp3IFEDpnMr6waUb3DbTXYd/2Is4lXvOf3O899OYXKg3XXnBBx6odRupmNeb9wxKW8p9Yj2WI5MBhXapUK0CeSAaNWqfENtDeZLeAUsGG0GifmLpOGtUfSYilP4Ixe8H5lwbZbOJUYWgd9Bx5NDmSQt6XF6XUtMqjyZPvMxqBlbyqNa7x3zDepzK6bQWLe2B0/wDBKxKzxiVniViBiBgxAIErmHdh4gvaG28C4YnuLx5/X9ibTjM61DmfaPiXpzmD+HVEqioTyX9hIuCksN7f4/SO5j8yWzkEyd414MMbtxDYIWuk2MC0Dev/AGO2CZSUx4M+8uiXiDCfJQfoix3iJ7QGB1ZRUDNxkxLFveOKyN0JxWW9ax9ahWyqnly/eEAUIDsQU1f+ycd9KxdwrFTnWuk9pzLH7Ioo/gRCIAZVh1TKLUcpZk8SgoCB1BQv1PmJIALrUZiQVAWsqNEDYJYkBTScgG6fow9NDvQWvgYUIAF9Vo+rEkUCq8EogjkCJyOY1CLLnNC2vaXVsRBOi75BBC/aBvM+9RDLLy+xN8acxgX7QrrPpMErEFj3yanukO+D9E+JZNTW+Hj+7xSJZ9EV+pSxpo6nSUoHSPHMIEM4p0zmDQAswnaAVGm5PHi25ljhlI5Id7nBhRup+X3zGRzxCU8XEUlkKOdY7Ti49AuG5gXqB/GWviGtagvVgg5j/q5Su08yoGlStPO0q2dNwgWf4pFrDW7gSp0tDxS1K3oO1jXEVjYkUBuiDDgRStdrjITIUI3hzs7Y95eMBfaL0M9h4qdlMZ2nGIlII7gCk9wmZBnjmpnnFeMMTeYdWuDHgts9p2/LL2Fw7Nj9R1Y5FBYgcrR8VGC4182+xHE42hvjStocYmDNx8RwxGt5pPSW/uRT9/pGAVXvT+ZVGmIOjc+8EtgNzvAriELFAEnyZhDtMX3ENIgDhgp2gTIm6ErMreAnvKL2IQer9RAdJSccSukEDaGfBMO0mS+scyaduZdaT4rc+7cxeWBd6YPrcLI1NAb2tUs6r5/qdU+X9RPFL3fqIZ+POp8GWOH9sOd+2HAkrWiETIAnVR2D0gvpfgROhSVUnceGDRgoqbFWrdq/mWHpo4RDAKKVw4aUwQSiXBu2vLXxL9WijiYfcE8QNqvRUSlXtui8KEDlpKhz0LRiwF/B9YbKMB2K5O7RfggrwYtvya98+8Qdcg7rlfLmM7W6NqtHa1rzDgVcBt0Lkce4MpvMwCE6A9KWUcOjgzXsQq3OGdMchv0JTvd0pC3NXhKLEfbOp/HxB5GKWbXxBhFopj54j5D/ACmHM+AuEw/hl2YJLfJ+SIiKdriCN4BsUQD5kFa6CITpZ9YlBvKIIxrLKuZt4rtBc1UO+BW83bwKL3f6gULcMDrDHdgOGbOYNqbTuQgmY7OjgZmhaEu1Qe659iE8iDWcsOcCGuxo8UKIHI4lSuJWLXn78eV4GWjYKvZtv+b6F8kaDM+5ucdePKHDMPLZjOOc3+egvSF1YSt18Zrr+xvcv9nh7vPXi+y2IJlxt81tv+fFcsCoLRpOd/vx5vgZuzo3tpxu/fx5Je2Ha29+Trx5a4YYQq2xu8PP261cWw3/ABJf3lPSCvEpveibutym1SsfiUdoL2qU8ESDaYPed1wMynNOAmnSxct/x5vglBYDXXG3258V1JZTeaK33288efDKrZ63Fxj7c+C+SOWxt9zJx/ZQ4YkPI3xzz0/AvSVV6nubcfjqhvcWLzd9t+fb6LtURiU1WL7bf3IdYEtZOjtv/X2XaPls8mE7T6+5MEylBX0ePw+JQCx2OmYN1OeyKtZD75nUL5VkDeWkrz+8ym32IYqTvHYsxDn6LDs1orvDiptSVlmUC7bPiK5zWH8OkQLGDGZtqGZ3XEqB1Z0EdMdpHpiGC26W8PJ/HtLEeURutpWjQuk7o4qU9Sx5R/ijxfVlDnZXeO/3z5roQoztbWx2+MX3eWJd5F288cefsGxNg6+/Gdr8XnqrvsAi3G16Wtq6YPYrreMUb3a7v77t9W+CUguUzlW23jY8FcsFtv5VTWT67vmugQNFQmQWN8fGPd5biDY3Cisv7xRxBa+L4QQwzxiU8DByiCHO8BzzCKPMu8zugog3gOYGIMVTm9Yt0t42+x4xyy21rxnb/ZfNdCGQU1xaq6fFHi+syvn5P/ufjpC9xUb8n/jXu8sO85ju/nPsHEbjENVfbr8P1XmG3LsdX8/YIo2bJz3/AF91mdTOOC/1ewETDioaXh/u6sXEMJYKYp9BR1gYQA1GRWH7tw8P0Y4yIEYsutveXRoPfV9JkVkR4Ur6VApMbcqnXiANHxGwYG48xJzMHPSpVsHWIG+MPjhhTDxBcXQ5cwLNoIOI5V6sFE2iGb30l6Uwzi4F5RtPDmDlHzQzWCx3tK0aERA1SLMAEGANs/8AG/qZX1U/UA5fb9J/v/plpVnmYZu+IvfpClCZ0R9yKUSBiPgEux0fiQAbs7icJdlniFOfmbJXxK8S2Os21AHEx0lX4mUuxGEkxwZloPacM/12jZv9v1z+QPxENlp2/wARvyj2/XLf7vpOkJ/HESTi7fpOrn7fpG84QCsPtBB4grW1V/aUWBtv74l6JwOX6Yv0DvufwkzbnKrsYP8AG8bQFl2APyHzLk3pitSdRShBxhguUHtBeYFQ4ZW0ycRWsLhsr279odukd7KCsuBcO1gVvwRDK7Zi5DmKAXE3pe68BDJridDpMqiCvZ4GnfQ0D+FKwJC40F3Ymzsl9MxosbxKRNp4zKA7tolbbQ2YcYdSv/JB8HzB8gQDe4dGIDV7kyzxC+SX7eZSJt1lr2gdYAYlZviJs8QcdsJXFKFuLjRrOmxk3iVMvWpii93FQcoZgT+fOcI5Vs37dY49pfq/n4lyhsjvDeFG3gdH9xqIo3L3e5h9mHkRm7Z3F9mviAQiKO5KlYmYlaLhic7ZgQMu8GSpa5sp2gh7v1nLKrAVR5gb8xfUMujuwtabrGWN43JnqwZ9f/djdFgOqyvqpfW5aGdMX7v1QsCviWOFzdogtbHiKDAXDLYuCrGB4mJgXDlcxJ4eGXMQoRxt/qS3OCW63LDB7RGCgBddg8l3l7CuQWS+Gce0G6YHblT2xUROAPjDTjO6d6i3errgoXZzi5nBMQCMCHqYhJNfBi0cK3wS8AUpiy8h5ortZF4JmBTezPey/eWqsMpMVcw6XC0fSkgOT+aAruSw7RWAJatuYKMsUguZsXMFv8MsbBM0bu2OE46HFK7e11hAYwmd4V4EUfY/RYJWxXa3WydGoAAFdvrW4fz7xLe9SkxLXff3ipiB1hpHWbuJTLc1mX6SgqGwpvLCtIYlmExBj/ZgXBztnaYI5PVo9p3wFfiI7EKea15djqwYB9/d3vBGRtsKuUKv9dDA0sC+77ogUNwa6oXd1ReoesoV6wG7hhxKveKnbeUrRDOA2gtXMAvFn8KV0Q6tIq7Vk/TMFKgirkX89u5Km6KIClVlzVZOeZdiWFe44PdiC8BeNhs29mCEAACxapL4zvKUgFYpvjG98kVwOgG3J8SncxFcTUqKXGN+5ACSqybNpT7qdBBeqBeb6cXMXsBZZDkxt7H58xtyfmgDtSYbWsO+Z71BDbLCHdBDqerCjfMo7CpnFHEEHI8RzFeoG66ENuWZ6OIkClIxnpfivmWy5qMLvGYjtGu2ev7ghBDhDhRgySw2mSAoTiUdyvEADn2jFkHPl0O3CpbtKUcQq1KGzBMDFWMprlnBGs9k7iA07bnvEANl9bshIBUBwaOpsOv3cVRCA9G4lChbxHCxZC3Yg3t0aA5DMvDNxudibTkdoLgL8D8I4ZcxpwDfc9Twlj5jWtVtgaStjH0IvYbaLuKTyXCwTe3C1W/lt2xK4dhbHOb98naC9vyF3gOe9/MTGVYG1jnnaXGuMAVQBDtUbokp3x8R22kCm1jT1Mc9Y9vEaCjLH1+krIItbybvPNr8zkdo02jv9ecL9r8wADkyhx4mfeVQ3LMGBmVVHLErYlN7QdFopbRYhUj8LGBprZ9O8DIHOYKFHvhlFU73ezT9ZiRWz26P90hEeTEdWbRQsZlOiHrD2sJK1twHkixlTtTbxUrbo+gi7u8+sNiCCA3tiH4OEbCuniLaYM+A8EobKY/eEc2reh1YCVBl5XV0D0YKfw4FBHMUFWXC7uu6ZHG/SKvFwFbQjNhQvEWyguAraQIw+ILHG5UZj+aTxlAZ2mPZ0FeSW6xCsb6Q83ADaVWTaVbglujEp17QbKOr+TFgGfuQu7g2bYviKEKJnJLQbd3iNm0Dd/WFj3ijap0eiK4YzbHncoCbvpdvEqwHKN8OOkYWG52YfpT7MqAzwdRihzfqfiE9Uq2x+kFqYTFRBgMoPJLufkhBQecQDlfmN2+CG7CuxNuV7R5l+YxOW8QkUcxlzFevjmfxFH7JR16olCw2XNrf4IgdrF8Bj4mM+R1Xp4lSpvo50oDgb/lAChmt5aZJkzY9oA4Ny0bmburtAHBXqxOUzckFPyh3dn5IJev/AIpRuQBvEDkJZ2mGIjeo9SZ8xAIB1layni5slHvAPMS3JGWr/wBsNVv/AKSnm0ZYXS3qy91hblIAXl3Z5TPqQANYYLlbQcfbJt664aDjiES7N38eIXoCg037xmEJYdkicYad829j9GK6JgVxEKzDLsneHebzMO0KJoFd4DMeTdiCFgC1eCXvF6H5JSirj3eCDYzJ2F5tZQznm72O0x6bxOZcfX7yWGuCUvFR6QxkWM9JSAtKNrKNj5CUuAYhW89Eq85TKKKbi2zBjDCvmrLRgJese6Mn5kZxfnTl4vKfE+GK3PxsHIfKgxZvIziz8qcXF4Zbg+oluz8LJnbfZlLjx0yVVf3pkb/kACKWgcQph8iWOGolBVqOGJS8MQBYW/SNcZEpcVcMDdXPYjjtKWgKJR2vsEZ10DCPdoOe8XcadzpFBwF3krv1O8rMuZgM3XBjqC18fZiB3nfxmJZHQgVLjM60DRGZuLEAbUKbWNzbge8S2uKzajmoqxChVQlQXd3XeKIzb0XCpg392iUVmogKvMpePeKHG/aYKHzCmcliOQtukeByRLOG+GZMsvEMFuzpKtXfzKqq3ekR4q+cQL2zGzBFBxZviVbgIehvyRAwsbtQOQG4CUN3jpENqvxA8U+ZTdYt4gaAq+cQN3h/EzsM/aUbIdcS13zzKb3yiLQ0m8C3hlrw55jTb5lVplgWw/EsxcKD3PpCL5nlHHQXcbbxtBDYokD1CphnvsmIm5r77H2g1ELE5JREiMh0NLxLJtUGYdodpavM6hMEZHhgwouP6rA5U49o+O7tHLy8QWF7AaUr2jDKoI3bZU30xWgAu358SoHEOt5mW9mINkPMS2TMAKNQc3BTI31JewVDEtLioJ0HrMrh3lK6UwGHuMtGUnI+0Bsp6std3AXI3CLAndhY3MotcA5OrLRs5nUKe0QNH5he8qyyCC094YcbxDkvxCkoUQUyhMkMXSibMRZrb8Ew507sxy0XFl5gW+YYQLTVSDVxoJbCsPDxKgf0JPc2l4uLRcUUSVp3VU2nEFEJ3UcxamzsLWbURPIeIC6DvP8AkJT0lRJUSVjvNmMdMEf24Sa3qCYCbKMrNmN5VsEoaC19JRLweZSveYFbqJf4SovbuxBWEE7DHCjLC2Ep6MVQ3US87uSHZFoAZbzJshbFRTYK3lq6N4HhMGjK+kej3gKikiFKbeYgvfpBYKzNsGesehzAclRpQL6zjuSnpBbePukLTlC76E4RSLBCEbSzrtCPZIR2u3nrEsBK7XXaP1AwCl9IhWG3eddfdgLz37xHcSsWz6RjdDdtjFpa1djt2jDWbLykD1gLhTIgxlrBFrdiJTrop1mJ2F+uWFN4iYtiBRjD3lXzbEAzmCv9gtocxWF5hRw5nNjmI1hgU95S+Y5C4FO8S8HPaI1V5hjal7y14zAQq/iBNq94Ftl3cTAKwWa+GVbiEaq4KMbyrXrEdr2h0MrO6sTGFqVTZDK+YOBuG++ZRG63wRsDea/JC2CneNnJO2naSzhM36w6+HWxeud1K9VLF7Dt/wCJiWuz+JnNjrD0YK5hzvDjiXVSN8QYGesJccdGAdvklIAQMVaKHKY6sx1SyLHfEguCzlL3ulGzJ+fFj1rSzhCgU5l3HvB6EqmUXtCgxL7Sh4hjaDvN968zBxHPmJSkLmG1Ru35gDubzGwzLdJuZCYYN2V15nmYrEqJtieIdblXlLrad5udZeUJnP7htq2+4QJz2nOdpUrxEpl98whSUsxoha7QNneBsRSmCE22lT/2PB6t1z3ZW/UKhPxcJ1V2YLmy+sX8FGhKUFsiishXXvNgsO5GBNM7oOXg+YT4Q7CV6Eu4iriIcTDmMvn/AHQKCjY6RWcitRDA1iwUYwXCDcgyUF1T/pOGFLXEnLbQd4JTTHKBAwZDMKa+kF52nE2hc2dLlTAZiTsYdYMsvPaBWYEclm8qBTbGpc8Q83Bn3h0ucwXSuTti1eAwOaqAmnATXhrbN9Zluc3XYDbJUeWAJdmm9uG+IPkBIbQC5wIeZcuj+yZMwjU6xcUeZU8xhRM3tBHCBus3AduDMIXHuMFdWygFp2jdO4MqYapWt1z8Q6lB6UxQpL7RIpsPSbky7QZHwVKAEcsdJbKYCn2ukHIxhUCqTHmMAbGB1Q6kohUomfEOI0Osw6mETN4vdDO2zFAalAylYbGyd1RrUlMCxXtf5jMTHcPRGTBduzUtoeaQvos6xmjtN5mmeZus5nll+zqZ5hM3ZLx/kDPaNRDrDaFX3nBKhDM8kMMxxtK2lZ2Yjo9ILKFHmj2WW+uwI6VVvnXaoib7hLDVMjbtCZztkNuM9HeLuEwxeABVP6idOB8iWgukuwbsTZoRvROQ37QpzaJ4Ax2E38M4lezUFPJEZ4DgWwlYDHDCpgd2m5XU62WbgV3UQuODqwjxTuG8XdzHchWOyscXBewBg5GHIFvjibDQ4hyXDoQLhKnBAOhKlaMuBfjHYWJHEIwIVkBzPb98b93x+yJbD+O8eVsnGZgQZTFmM6QedJSYC6k8zs0YmjpOiFYIo35Yo0t2atPdszPENPBDH72ITYfMhxe9IaPLlJySFuYg4/ckvCv7eYf2H3nYv46xRt/rvH1Yf31lIKLF1G9+ZxQgN0zqB7wLYJQgJRCpR0mOk2YfaLOwe2I0hGd4uSuQ675Srl8ocL+ULN/yiv7EvKT5I/d+XDCPHFqn22IJBhTpr4m+j2mTRzE1WHslekp0m/aeEIe3X8dJjM/QPCeGvaPZ6B4Ho1pbpPHQQEIECVKgStHRJUqVK6ypUD0pTrfeDLZcHXxpUqVKuGk8CIjFQJWgJREiAo01xKaKSkqUSpUJcs0xoyu0qVpXSVK9FSkAgEqVKjFmIpLOkU6eupUqVKgRIMyvQYh6kzEzo63Lly5cMbRZZL7xZcuXLly9HW5cuXLlsuLL0uXLlwZel1L0rStK9Va16KiSpttK0NWVK1CVnSpzMTGlcSpU4lQ0P/iqVoeg9G/pNbl+t1rOtStTQ0X0PpfRx6H/AI16a1rSoHp4hrn1mvPoNSVEnj18zj0OiaVrXoqtPaV6WGlY/wChOdKla1KnECVK0qV6mefSsfSaVGXL6aE2j19L/wAWVGV01rWtKlSpUrSv+nGu+jqbf82nUYS5c5laVDWo4gw3jiVzoZ9BK9DtoR21rSpx6HHrqcSs1DdnM4hmOH/hxHaXrevEuMY+r//Z', 58);
INSERT INTO `pic_per` (`id`, `picture`, `per_id`) VALUES
(77, 'data:image/jpeg;base64,/9j/4AAQSkZJRgABAQAAAQABAAD/2wCEAAkGBxASEBAPDw8PEA8QDxAQDw8QDw8NEA8PFRUWFhUVFhUYHSggGBolGxUVITEhJSkrLi4uFx8zODMtNygtLisBCgoKDg0OFxAQGCsdHR4tLS0rLSsrKy0rLSstLSsrLS0tLSstKysrLSsrKy0tLSstLS0tKy0tLS0tLS0rKzAtK//AABEIAOEA4QMBIgACEQEDEQH/xAAcAAEAAQUBAQAAAAAAAAAAAAAABgECAwQFBwj/xABQEAACAQICAgwKBgUICwAAAAAAAQIDEQQhBTEGBxIiIzNBUXFzscETMmFygZGhsrPwFDRCUnTRFVNigpMWJWSDhJKj0hckNUNEY6LCw+Hx/8QAGgEBAAMBAQEAAAAAAAAAAAAAAAIEBQEDBv/EAC0RAAIBAwEHAwMFAQAAAAAAAAABAgMRMQQFEiEyQVFxEyJhFDPwI0KBkeEV/9oADAMBAAIRAxEAPwD3EAAAAAAozFi8RGnFzm7RXL3EUx2yOvJ2oxjRh9+aU6sl5I6o+m/QdUW8HHJLJMCh4rLZHjXUqv6VXVqs4pKbSSTt4ur2GzS2V49f8VN+dGnL/tLS0c3xRQltCnF2aZ7CDyiGzLHfro/w6f5G1DZtjPvUn00//YejqHP+lR+T06wPNls7xXLGi/3ZLvKfy/xP6qi/767yP0lUmtoUH1Z6UUPOIbYlbloUn+/JdxljtkS5cLH0VX+Rx6Wr2J/XUO56GCBU9sS+vDeqou9En2O6ZjiqTqRg4bmbhKLs7PpXSec6M4K7R6U9TTqO0Xc66BRFTzPcAAAAAAAAAAAAAAAAAAAAAAAA5GybiY9YuxkRxEresl2yZcCusj3kNxOtFmjgrVskFlxlXrqvtkZYsxS4yr11TtLkalPlRg1udmaLM8TWTM8GTK7L2jHJF1y2R0IwSLUXzLaes4TNilA9G2tPq9f8TL3Ynne6PQtrB3w1b8TP3YlTW/b/AJL+zfuvwTJFSiMGPxtOjSqVqstxTpRc5yd2oxWtmUbpsA87rbcmiFLcxliJ+bh6i96xj/0z6M/V4v8Agx/zAHpAPPsJtwaKnNU3LEU25KKc6E7XerNXJ/CSaTWpq66GAXAAAAAAAAAAAAAAAAAA5GybiV1ke8h2IWfzzkx2TPgV1ke8h9fnLNHBWrZIHPjK3X1O0uRbU42t19TtKo1Kb9qMGvzsvTM1NmLwckrtNLKz1LPUZYJ8zyzfQTujxaZeWTZfZ8z5vSYpJ8zv0C6OKLMcmKestknzPy5avm4iukXJNMzznl8+U9E2q/qtb8TP3Ynm71Ho+1V9Vr/ip+7Eqa37Zf2b9x+Cboj22B/svHfhpkgI7tiv+asd+Hn3GUbp8pU3wi9JsrvNanxi9JsLvOvIWDJgePp9bD3kfYFBb2PmrsR8fYB8PT62HvI+wqPix81dhwF4AAAAAAAAAAAAAAAAAOPsn4ldZHsZD66Jjsm4ldZHvIdWZZo4KtbJBa3G1uuqdoFfja/XT7TNg8NKpNQha71t5RiuWTfMkaUH7UYlVN1HYzPFJq25ecIQea1Rd215TNHGK8W46ouE8/GhyL0XLHVpRe5p0/CxWupNO81ytJeKvaYKNOUmopNuTSWVt0+n2hJMScljibVLFJbm61VFPk1bmxZ9KVlFqWUZxU/tJys0/RYriaUd1CjSSnO+5lNfbqPWl+yucz4nR0dy5J72KVOFnnXq3e6ln4sE/YRbiSjCbvaxpVMWrSXK6dOCeq7i2236yytWUnG17KMY586WZa6V2qdNOpNt3ayUnzR8nl5TLi8L4NpLOytOe6g47vlUbciJLdTIyU7PgY5Hou1V9Vr/AIqfuxPOJfPqPR9qr6rW/Ez7InhrOMCzs1fqPwybEa2yn/NOO6h9qJKRbbPnbROOv+pt05oyzbPlmlxi9JsJ5+k1qL4T1mwmdeTqLsFx9PrYe8j7Dw/ix82PYfHeCfD0+sj5eVH2DhZXhDzI+qxwGcFCqAAAAAAAAAAAAAAAAOPsnXArrI95DsR8+smWybiV1kexkNxCLNHBVrZINX42v10u43cDWgqVWDluJTcVuty5Xprxo5f/AA0K74Wv18ysTRirxRizlu1Gzt0MbQh4KMN0o3Xhbxzd3ZuTXjZakufyFy0lBqpHdbm6tCSg7Q5GoR5N7lflucNGRHPRiPqJWsbuAxFOn4Sp9u25pRf2b5Nt+TVZG3U0hSuqad4Qg7ylF8LVaTd4rVG+Vv2UtRxmi2YdGLdxDUyircDuTxlBtXqyaTUU9w1JRkrzlqyld2/ZWox1sZTUbwUHJOUYRUbwpxy32fjN/mcU2aayEaKTudnqZWtYtxFWUs5O79GrPI62x3bBwujaEqdeFWc6lepNeDimlHerN9Jxa77zh6QwTqToW3F91X8dOS9RDUw3opI9NFUUJOUux6LHbwwknaGDxUvTTSMOkdt6TpyVHRtVyep1bTpvp3NyJ7G9EV4U4qEsLZX8ajLdPPldyWRhitzZ/RX+7UXeV1pVbiyxU2pZtQs7fP8Ah4vUprdOTpWk23a7jZ9Fi2NF3vuL+w9dxuGrzjKLhhd8mrpNNemxxMHoKqqjlF08pcrlbnysg9N8kI7STTurfyRfY1Xr4XE08Xh8K6kqd2k4zqRd1Y9WW27UjlU0XiIytd75Jcxio1cZ/Rv71QrWeNbylhbbnU1UefTc69Ku5FbUkui/srLbtorxsBifLacMiV7DNnlDSM5U6dGtSkqXheEtZxUlF2a5byR5ZpDAYm9Rt4V3We8lnry1kj2mqco4iSlucsFK25Vv98jxq0NxXLun1vqytw/s9eRUoVKxfAAAAAAAAAAAAOPsn4ldZHsZEKzJfsm4ldYuxkPrrP1lmlgq1skCr8bX66p2lEytXja3XVO0tNOHKjErc7MiZkizDFmWDJniy5sxyZe2Y5MHCieZsbrI1kzNcBmKtLvNCU7ToediDcqnKxc7VKH9o7Tzm+K8osUo3hNfBJ9BV96ulncVfIiWhKu9XSyQLER3Od2lbLk8vpPWSM2MbTldl08U28lqz9CNeliHrUddndZ3zav6TXxOJg8knFN76yV3H8ysdJQdk4tLmVnnzeVJWIO/YsRhfMzqUcSzYdfsObQxULWina+Sskirq5vkyOxu+hXqqz4Suaeka/jfPOdbaaqXxMvwL+MRbSNbx+gkW0k/9aqfgV7ayK2sftNXZUPe3+YPZCoQMo+hAAAAAAAAAAAAORsm4ldYuxkPrayYbJuJXWR7GRGsWaWCrWyefVeMrddU7ShWrxlbr6naWs0ocqMStzsqmZIswmSJNHk0XtlkmGyxgWCZlvkYCtzp2xbVff2HI0hLhMN/aPeOnUZyNIvhcL0Yj32eFXK8otafEvDOxoSW9XSdq+RxNB+Kuk7b1FpYMetzs5+IZggzJiGYKYPWKW6dXBs2ZvN9Bq4I2qnL0HSs8kd0nPx+gle0d9aq/gY/FIhpXVPoJftF/WK34Kn8VmfrXwPodmLj+dj2dAAzDaAAAAAAAAAAAAOTsl4lefHvIlXRLdkvErz495Eq3zmWaOCtWyeeVuMrddU7S1mTErha3XT7TGaMOUxKvOy1lyZaylyR5l7ZY2LlGduBcNltyjYudSLJv59ZytJcbhOjEfEZ0pv59ZzNIPhcJ5uI+IzxqZXlFrT4l4Z29BreLpOy9Rx9C+IjrXyLawYtXnZzcQYaZmxBipkXk91g6uCRs1Vr6DXwZs1eXoJFSWSL6X1VOj8yX7RK4eu+bBUvbUl+RD9M6qnQTLaHXC4h/wBEoL/EqGfrcH0ezOv50PZQAZpsAAAAAAAAAAAAHJ2SLgV58e8iVePdyEt2SLgV58e8iOIbWrtLFHBWrZIDjlw1brZmIzY98NX62XcYTTjgw6nOyyRaXTMbZ0gVBS4bB0oWSZezBNhkkWyfz6znaR43B+ZiPiG/JmhpLjcH5mI+IzwqZj5Raofu8M7mh3waOpfI5GiHwaOqnkXVgxaq9zNHEMx0y+u8yynrI9T2WDq4RmzUevoNTCsz1Hr6CRUlkjemtVTo7ia7Qy3+Kf8ARcL71UhOmdU+hk62h477F/h8J21jP1uD6PZmH+dD14BAzTXAAAAAAAAAAAAOVsk4lefHvIji9XyyXbI+J/fj3kQxS5izRwVq2SA6Q4+v1r7jCZcauGrdbIwmlHBh1OZlGYmZWYpnSKKXFygOHRJmCbM0jXmGSRa2amNV6mE6uv8AEZssx4hcJhOqr/EkeUldryixTdoz8HT0ZHeROhyGHRtPg4m3OGRdWDGnK8mc2prZbAyVYFsIZkD1vwN7DM2JmLCxNuVPsJFaT4kb0rDxugnm0ZCzxj/5OD/8xC9LRyn0dxOtpGP1zq8GvZVKGtXA3tlO9z1FFQgZhtgAAAAAAAAAAAHL2QcUvPiRvSGFSi5RldLkazzaJJp/il58SO47xZ+j3ketNtWPGpG9zzPHcdV62RhM2P46r1kjAa0cIwKnMxIwzMzKToSte2VudcquGRSua5UvdFqzbjm0tfOXeA/aj67nLonuswSNebNupBWbUk/IvT+XtNORwkk0WMtxHj4Tqq/xJFzKYlb7B9TX+JIi8ryesOWfg7uinwcTeqLI0dFLg4m+y2jDnzM06sCynA2ZotjEWJKXA2MLE2qi7DXoGefcdPJ5I9piWU+h9hPdpRZYzzcGv+if5kC0vHez6H2HoO0vG0MX/Zl/hv8AMoa7B9BsnqelgAyzcAAAAAAAAAAAAOXsgfBLrIkdxnizvbk8n2kSHZEuB/fizhY2pGVKdmnq8jWaPWHQ8pvJ5hpFcNW6xmtc2NJcfW6xmCnG7SuldrN6kaywj5+a9zKNl8GmrWpprlk5X13L62HSVR3vuZWjazUu8sxVGCvuJ7pKVm21qyzXtIyaZ2KaCkkvGork8STbEZqOSnHW3lC/LqFSnSSk1KLa3W5W7bvnvXq5uQx3pqSyk4p5u+dtyta57kUerLMVUukt05Pl3qik9RoTOliJUty0lnvc1eztm1nyZ2MWIr0ZRahTlFtuSeXLydAuFHqznmarHPCdTX+JIx7l+Uwaax3gfoTep0qyt/WtEZSUWmycIucZqObEm0ZDg4HRUFbNpMiWA2SQ3MVZarPWbNbZRHkSLHrQ7mY9JW3n7TuT3P3l6ikVH7y9RFp7In5C+lsi6CPrw7np9FVX7SYUKa+8jZdLsI7gNkVL7S9N0dhabwztv1q+dRNVIvqValConxic/S1Dez6H2E62n4Wp4vzsP8IgmldLYZJ8JfJ6k3yMnu1BWjOlipRvbwlFZq2qlH8yprZJxRr7JjNSd0egoqEDMN4AAAAAAAAAAAA0dLxbppL767yKaRw8o3koOStvorKSV73ivtdBNMRC6XSjSxWGuvKtT5T0hKx5zhc8T0hQlKtVcIzac3beSRheDqanCXqJ/itESvK268Z8/Oar0NJvNNv1l+NXgZE9O220Qv6DP7vZco9HT5l6ybfoSWe9eRX9Ay5Ulnb0nXWRFaaRCP0ZLnRkWi3zr1E4hsffkM0Nj75iPron9K+pBFojndzLHQ0ef3V2k9/k782Mq2PRXl9Bx6g9FpCBw0PS5VUerVKKWvoOljdF4aeGoUZ0IygoVPGtKpGW7leUZNewlsdBrmM89E5QVskpe2TPCrU31Ys0KXpu6PJ8RsDw7d6dVw8koN+2LNaWwDmr0n0qqj15aEVtRjqaC5keO6WFUR5A9gE+SrQ/v1V2xLHsAq8lSi/62S7Ynrb0I+ZlP0JLmOWZLfR5H/ITELVUpfxvziZI7CMTlwlL+Mv8p67T0C3rNmOgF8o7Znm5x7HkmF2BxvfEVVJfcpzlJv1JWPXtgGAp0aNSFOChHdQeWt7xK7fLqL1oSK5LnW0ThtwpLVfcnJL5Jwl0SsdFAIED0AAAAAAAAAAAAKNFJRLgAaksJF8hZ9Bje9jeB27I7qNJ4Jc2sr9DRuAXY3UaqwqLlhkbAFztjB9HXMVWHRmAudMXgUVVJcxkAucsY/BIp4JGUC4sY/BIeCRkAuxZGNUkV3CLwLiyLNwiqVi4HDoQAAAAAAAAAAAAAAAAAAAAAAAAAAAAAAAAAAAAAAAAAAAAAAAAAAAAAP/Z', 29),
(78, 'data:image/jpeg;base64,/9j/4AAQSkZJRgABAQAAAQABAAD/2wCEAAkGBxATEhUSEBIVFRUWEBUVFRUVEhUWFRUVFRUXFhUWFRUYHSggGBolGxUVITEhJSkrLi4uFx8zODMtNygtLisBCgoKDg0OGhAQGi0fHR0rLS0rLS0tLSstLS0rLS0rLS0tLS0tLS0tLS0tLSstLS0tKy0tLSstKy0rLS0tLSstK//AABEIAOkA2AMBIgACEQEDEQH/xAAcAAACAgMBAQAAAAAAAAAAAAADBAUGAQIHAAj/xABOEAACAQIDAwcGCAsHAgcAAAABAgADEQQFIRIxQQYiUWFxgZETMnKhsdEHI0JSc5KywRQWJDNTYoKTs8LSFTVDY4Oi4SXwNERUdMPi8f/EABgBAAMBAQAAAAAAAAAAAAAAAAABAgME/8QAIhEBAQACAgICAgMAAAAAAAAAAAECERIxAyFBUSIyE2Fx/9oADAMBAAIRAxEAPwC82nrTe09adyQ9mYKwtpi0ACVmpWH2ZgrAFys1KxgrNCsAAVmhWMFZoVgACJoRDssrGdctcDhqhpVHdnXzlSmTsnoJNhe1tx4xWydnpOkTQiQGG5Z4eojOlOtsrQqVjdaY5lJtlrc/ffhI5fhKwJ3rXHbTT7nMXLH7GluImhlTb4R8B0Vv3a/1SWHKGkcMcZsVBRGzdrJfnMFHND33kQ5QaShE0Mg8v5ZYKtUWlTdttzZQ1Nhc9F90njHLL0AzNDCETUiMwjNDCmDaIgzNGhDNDEAzBmEM0aBUJp6ZaeiDogm1popm4mgetMWm89EGhWYKwlpi0AERNCsORNSsAAVmhWHKzQrAwCs4D8IA/wCo4n6QfYWfQZWcA+EWu7ZhXVnYhKlkBYkKCqkhQdwvrpMvL0IbyGugw7gsLnLsWlri+0zqVW3SRwlQbfLZlKr+CtoL/gOK1sN4q0re2VNt8yy6i6xOmmqn4v1F2l2r0ebtDa/PU+G+cynTqmX0fxfqVfJJ5S9Gz7C7YvWQGzWvuJEJ1UqZyNH5dh/pR7DO2ETivIokY/D20+Mt/tN520ia+LogSJoRDETRhNQCwg2EMwg2EDCYQZhTNDEQJmjQjTRogG09PNMxFpfVaFUxRWhlaagwJkQambiLQbz1pgTMAwRMETaeiAZWaFYYiakQABWfPvwjbH9o4jZ2r+U517W8xbbNu+fQ5E+dvhFUjMsTcf4oPcUUiZeXoQTJg34O2o2fwXFaWN7bdK63vxJU37ZWGllyauv4O6318hiVt6RoMPst4StNMsuou/DE6bXGJ/sBjej5Hao3Gy/lfzq2sb7O+3CcynUsbmVD8XzR8qnlC1HmbQ2tKik6dgvCdUlM5D2/D8Pe/wCc4dOy1p24rOJchVJzDD2F/jCfBWncSJr4eqQBE0YQ7CDYTUAMINhDsINhAAMIJhDsINhAwGEGwhmEGwiIFp6ZYT0QXBGhkaJo0OjTYjatCq0VRoZTFoGAZtBKZuDEG89MTMQYniJmIZ3miYai1aoCVW2ii5JJAAHeYgbInzn8IX95Yr6b+VZ1Q/CVR4Yer4p75U89wdPMHNWlhVpk1Rt1fKc9mawAqDaIW9tDaZeSzKejkQGSD8kc/wCVix3fkp++VR987FkuAwuEVqWKwYrKdoc3EMCCSoqjeN/k1G/enbKfmnJxKtUth6AoIdymszgd52mmeUXkpk6/mVEDk2TYX2qGttfzq8ZT8u5NinVU4ij5WmGG0oqldocbEWI9U6XyhxNDE4JcFgsIVp3XaR6puNkgpqpZiL21ikqXJeQv94Yf6T+Vp3UiczyTk/VwNRa2JwRNnJSrt1lK806KrAK/fLM3LnDjRkqDsAP3zbx2SexpYyINhMYHFJWprVpm6sLjp6NYRhNeyLsINhGGWCYQBdhBsIwwgmEQLsIJhGGEEwgC7Cem7Cei0E8jRhGiSNDo00I6rQytE0aHVowbRoVTFUaGRotAcGbQambiIMyrfCZ/d9T6Sl/EWWmVf4Sv/AVPTpfbEnPoTtyrJa9a2laoNeDe+Xjk/TrNQqg4msfjcPvcXHPa9tOOl5SMjtbvM6BycHxNX6Sh9ppjg6MYjM/y5zXq/lFYXrPoGSw5x0F1kUMkB31qx70/olozsfHVPpX+0YiqyuMVqIWpkKnfVrH9tf6ZKck8jpLiVN3JsTq+m8cABGCsf5ND48eifaIXGFZNJ74SKdsJRA/TW110NNunsnLszwFPbVddSL69M6t8I4vhqP8A7gfw3nL8yf49fTA9cWEnyWHS88nMMtPDoi3sC4Fzc28o0fZYHJvzK9r/AG2jTCbTpjl+1LsIJhGWEEyxkWYQTCMssGyxAqwgmEZYQTCIFmExCMJ6A2cRowjRBHjCPKB5Gh0aJI8OjQB1GhkaJo0MjRkcRoQGKo0OrQA0qvwnn/p9X06f2xLQplW+E/8Au6r6VP7YkZdUTtXMr+DrGUxq9A8dHf70loyjIK9OnUVtm7PSIsT8hiTw6DLTh/NHYICrpJmEjeVWs1yes1R2AFi7Ea8CSRFUyGv80fWEtJF98LTQR30LlVWHJ7EH5I+sI9knJ7EJVDsFtb53ZLHTURmkJnai+So/lZlFXEUaSU9m61gx2iQLbLDSwOuso2M5A4s1PKbdEKG2jznvYG+7Y++dQvFcZ5rdhix9Jmdip5DrQTtf+I0eYRPk6v5Ovp1f4rx9lm86Gf7UBlgmEZYQbLGksywTCMssGwgCrrAssaZYJlkgoyz0KyzMArdPlBT4q3q98kMNnNFvlW9IW9e6VF6JEwJHKtOMdFo1QRcEEdINxGUac7wmKqUzdGI9h7RxlpyjOlqWV+a/Dobs6D1SpnsrFiR4dGiStDI0tJ1GhkeJo0MrQI4rSs/Caf8Ap9T06f2xLAjSufCOb4Fx01KQ8XEnPqnO1zw3mjsieOxKqQDckhmCgEsVS20bDgNpe9gN5Ecw/mxLH4IOwa5VgjoGG/ZqbO0NetEIPAr2gjUscxpAsC2qBmPNbcgUsRpzrB03fOEZwuMRzsqSSN/NawNlaxNrA2dTY669Rsh/Yy3chzeorIxsCSrIqb99xsA36ze+lmcJlqrU8re7bGzfZAZl0srMPOUWJAO7aMi7Kj/2vQCF2YhQKhuUfXyW15QKLXJARjYakKSLgRsZlSF7k2BIvsNbaVSxW9rXAB06RbfpIyrkKvTFN6jWBrMpAAKtXWqjN12WtUAG7XW5EeGUqVKbbBDUapsgDz32ixueG0xe3TxtpM/bOpHDYhXBK30NiCLEGwNj3MD3wWO8xvRPsm2BwS0lKoTslrheaApPnbNgLXN27SbWGk0zDzG9FvYYTtKtcn1+IX06v8V4+RI7KcXSWkFaogO0+hYAi9Rju75IpUVvNIPYQZ0TpWXdDYTRhDkQbCMi7CDZYwwg2EAWYQTLGWWCZYgVdZ6FZZ6IKfi6FDb8ntmo/wCjop5Rx6RHNUdZM0OCcbsMi/TVGd+9adl9cu2WYegibFFFRehQBc9JO8nrOsPisCCNQAOkn3yeLfTnT1Ky8KI7MNT/AJrzC4x/lJRb/S2D40yJO4r8GLFEdqzg6ph6ZqEek3mr2kxOpg3GowlvpsQb/Voi3dtRaBrLuUC6LUBThdm2l7qm8ftDvlio1gd0o71GG/D0e6pXHrLH2RzLc4WnZSrU/SO3TtfUBgLqO0b++OXSbiuiNDI0Rw9YMLgxlWl7Zm1eQfLXXDW/z6X2xJVWkPyuJ8gtv/UUftiTl1Rj+0XWhumKonqB0kbmOXVHLFamzcsQRfaANE0wvRYNzt3HSx1LrU3CpIY5dW1tUOrs2jsCA23ZRzSNNpd4I5u4gQSv5NtavPQ3ILVipth2ZtDcEXs9tdBw0k5UqsyQ6SuZapLoBWZtlFNianxlNWYqTcAbdmpgnW+txqLOjLqpt8ZazXI2nIYfGaHtDoD1L2WzZ1NxLMz8W/oN7DNMDgHRy5e4Ibm62XaYMADxCgbIvw3W1vtmg+Kf6NvsmE7S5kmyaj6i4c3F9RrxjVzwlQzMsMVUKkg+UOokphMwqga69dvulSt8p7qw0s3rJx2h0Nr698k8JntJ9H5h6zzfre+VYYwnel+tdf8Abvg2qK249omm03FfiJowlLwea1aPmm6/MbUd3R3SyZbnVKtpfZf5rcfRPH2x7Z2WHGEEwjDCDYRkWYT0IwmYBUzymWlZUXbqHzUXUn3CNYPBVcSQ2OqErwoU2Kp/qONW7BYdspWUYhU13sd7cf8A8lpy/H9cyl323lX3LqVJUFOnTVFG5UUKo7gIPH5WGF9B1m1pVzyn2T5Oghq1T8ldy9btuUSSweTviLNmFZnvuoUmKUR1MRZn9Q6pe/pW0HmCYVXKnEKzW1SkrVqn1UH3yOrJQG5cUes0FT1M950+lldFE2KNNUW3mooUeAkDmeSObkWA6WIUDvJtFoaVTKc0o0js7bAE6LVpmnY/qtcqb9FxLZQrBhdT/wASrYzB0BcNicOOrym147IM1ypvJMPI1qdVeKJUubcQFax7hFPSLNrkpkdygb4tfpqftMcpuCLg3EheWjkYa44VU9pjy6Rj2vmGcEaEHsMKVJnCMnqha9yQBtXJO63G8vuKdnUVqYamgtsEEqah4vbgnRffv3bzC8m8x2ulRbH/AJmopId6Ke0A9HuHhKJmePqGqxWo9r6WdvfFxjq36Wp+8b3xW7TcXS6NNRqqqDa1wADbujdKcobMK/6ap+8f3xrJMdWNWzVahFtxqMeI65CLg6laJ4uqoHOYDtNvbKXy9rsFwxud7k6nW2xvlS5a56KjqaQsqaj0r3v7I8Zjv8roTx+t7AzHE/llfaUOvl30Olud8kjdJvD4fCVBzapot82oCV+uv3gSuITUZqpFtti3VqTujIWLFp2sK5FWXVAtVemkwqepbkeETr4infZfQjgy2I7jEKdxrxjNXHVSOdUc20szEjwOkoB1wnAjuMj61QA8YatiRxRD+wF9aWMjq9an8wr6NRv59qLadLHlPKpkstU7a9N+evj53f4y24bEpUXapsGHVw6iOBnI6j0/nMO1Q3rFvZN8FmVai21Qqa8QDcEdBVt8czZ2OtsJ6VDJ+XNNyFxK7B3ba3KX/WXevr7p6XMpUac7p1CDH6eYO3MVtkfKPEdQ65D1awGgNyNNembYarac+2m1/wAjqIg2UAF954k9JPHvltwuaJTG0zWA6TactweYlRJbLyajBq5uo3Jw6trpPVNZl9LlX+jygxWI5uCQKm416lwg60G9pJ4bkvRfnYuo+Kf/ADWtSHo0Rzbdt5EYHMQFsDYDo9lpjMs0rNTdKLGmSjAMDzgSNCDw1lU7ZOzfKapl2FW1atTo6c2mttoj9WkuvqnNsz5TYBjZFquOB2FHgGYGc/d2YlnJLEnaLElieNydSYalMb5anlt0nkzyhTygRXYqxAs/nLfQG/Gxtx3dkm+W5/JT9Iv3zlODchgR0y84rMjWwBDHnJUCk8SCrbJPgR3RzLcsL52gMO6mqLqLXBtrY+M6tXcPhgSRYJv4CwvONqzAqw3W3/dOjZO1WrQBqWWmBzU3lyPlVOocF6dT0TTwX228dR+CJIa+/bJsd4DG6jwI04XjIWJYaqBWdCdW1HXs3v7RJECF7MJljOSD43u+8QLCMZOPje775NTke+EA/F0P9T2JOb5ydJ0Tl6eZQ/1PYk51m+4do9szyR8LJyfzCpTpgCzJ8x1DLv6Du7pMmrhX87DlG6aVUgfVcN7RI3J8prtQSoKTFDtc5RcaMRrbdujAq0wdkuu10XF/CaxUAxGDsb06xI6HoAW/aWob+Ai70n4vS8ao/kMkaluBEjcUYqC1ej+vT+s/9Ej6tEfpKfi/9M3xDyOqv0a9gv7JKWMRT6GU9hP3gRCpccD3a+yb1WPQfC3ti7Meg+HuiqK2Ffp16+InoBqgO/8A5E9FskdVYhmB+cR64zhqt5rm1O1Qng3OHfv9d4ojWkdULLhl3H/u8m8povUbZXtJ4ASrZfjhexjFbMXWpemxUruINus/99U0mUG3UsPSCiwjCyj5Vy2tZcQt/wBdN/evu8JbsDmFGqu1SdWHUdR2jeO+XMpScm5RYXyeKrJwFViOx+ePUYrSEs/wk4S1dKo3VKeyfSQ+5h4St0BMcpqqhnDrqJYKLkUKo6Qp8A39UhsImsnRT+IqN6I8Q/ujild2txl+5LZkPJc5tANSdwHWeE5/TcWsRf1Sd5ObDHn6gG4Unm34EjjK8WWslYXVS71Qa61OBcKnWGIu56AdAO0nolgCytZsbNt9BDeBv90va5M5AKshBFxvGnhNcu1ohlhcpHxnd98kWySt+r9Y+6bYLJaqvclQO0n7pNKkOXZ0o9lT+SUnEYRnXatzQdOudVz7Jqborvdim4bl5xF7jjulTzakAh4SbEMcl6rLSQqSp11BI+UeiTWMJqgCtapb54DnxYEyH5P0aowtN0CPo3ND7LjntwYAHuMbbFVeNBx+3R/rmk1pc6KYjDUl3UqY7KSD2CROLqqN1On+7X7xHcZiHP8Ahkdr0v65B4xj+qO1v6QZNKg18cw82y+iqr7BIzEYljvJPaZvXPX4D7z7ohUA4knv90iorFSqOJ9cA1QcDCWA3ATVmiTQGqdOvt8Z6aO/Tr7fGZiIxiKW2tuI1B6+jsPukORbQ75Z69JLbVN1YdBZUcekrEeq8h8bVpneAW6Vb2mxB7osoRAGGOIJ3jXpgyw4C3rM9JDZXYkCSuSNUp4mi9IkOK1O1iRe7gbJ6QdxHXEcHT+UewSwcnKJNZXAv5Mh+8eb69e6VIbrPwkZQmIwFUKBt0h5ZLDW9O5YC3Sm0O8ThmGM6i2eV92k5hj6JpVmS1he6+idV93dKz+xJpLYFZbcVhVXKalT5TYpAOnZVSPaWlMwNbSWDGYxzQFI22AysB17X/2Mc6WqRFrdYvG8pr7LzfFYAg3UXU6jqB9xvE6Ysw7ZHVHS54pdod0t3J3M6poppey7P1eb90p/J/EJWqrRB1a+4E2ABJJtu3esTo2EwiooVRoBpOvCTL23xmx6eZNxWb/2qPmzHkZo2Hl5YTSrjCOb50QtgCQeqUXN8e9QgbheXfM8KCJS8WqtU2V111PDrnPlNMrineTlW2Hp9jfbaFxmLkLl2K2aKjd5/wBtonjMwj36DfHYmQuIqT2Ixl5HVsTItTa2qvFXaaVK0CXk7RaIWmrPAPVI+ST3TAr/AKp8JO07YqGekvl+VswD1boh1C257jpAPmr+se4GelTC0K3Mz09Mw9MrMTKiASeEQkKALk7gN5JOgE6Dk2U+SpgHzjq3b0d0pfJrMaVFtuqhdhotiLL0nXjLSOWNH9G/is0xs+VY6TX4NIHlZyfNVBUpD4xBu+eu8r28R39ML+ONL9G/isx+OdL9E3isq3GqtipZQNrZB/SAEcdSBLzn+FpmkTSY32l5jLZxr1c1hu1B47pXK+ZYapWFRaZQsw8pYiz2N724NvF+uXPNsA1JjQFYEHYKba3Jps62dH+Umyb7zrppDHWrCitU6R+Up8mxuGAvsE7wfd3jrdTE1xu8lWHDbRHPftDa8ZaF5OnyZqmpSC3tt7Yp38G39t++QOOSipszJ0i4QgjgQ2zqOu8qY1tDGB5Q1qf/AJSmOnYplL+F5J0eWB+Vh3HYb+0CVkUkPmBT2bX3EQy5biCSFpVDboFT72ly2KlWkcq1P+DV+qPfNX5SNwpEemwX2yDw/JzGPuoOB+sQPU5hjyaxSa+SvYXOx5JiB17BvK5U9tswx9StoXUD5tO7k9639ZESp4cAWVTu1JI2yOgIL7APST7jjyg2tghy17FQrNY9YsbSWoZW9a9FCaRuACACDrzj0qAOy8m47SqpFS2ytNtCdBduJPnAaxGvgsSd1Gp9RvdLXWqql0FSmVUkAtUxBJAJsfJ0tF7InVxSfOU+jQZv4riZ8WVVCvl+JG+jV/dt7onUwtbjTYdotLytEv5lCo46RSpIPEI1vGCbDKDZloJ1VKxdvqUz/LFwSo34M/FfWI1Qwde1xTNukgBfrHSW8Vaa7izH/KpJQX65Bf1QNbMCDdQqnpF6lT95UuR3bMOELSKoZVWADVNhFPFidfRA1f8AZvDnydPVRc/PcDxSnuHa1+6DqtVYk6gnezHac95mgwR3tr2x710lh8QWN9Trck695PEz0OuGmYhpSPJngD4TIw79EvoyZJ45IOB9Uz4U+Kh/gzTZaREvB5P34iYHJnrHrj4UaUxVMIAZcRyWHzh4TJ5KD53qhwp8VOs01IaW9+Sp4GeTkxUGt4uNLSnFW6DL3knK93wtLC19Xo4hGps+l6QvdPKfJ12RY6HToMGuV1E3gHw90snkaFTDMtLDLTq2FmcBgbbxcbr662lY41UiXyrEsCFovcuNyc/uIUG/hPZrVKm1Wkl7aA7VNtePONv9soGHphH+PvRYHT4lmTuakb+qSVfMEIsKgbr5w+2t5tKuVPUNljpRcdavSYfw5O4KkeAqd60j/wDHK/ycz2jTQrWrDUdBP3Scy/OMFxq0r9Yt901xs0fLSapq43Ow7KdIexIY02YWO2w4jbqAeAYCRr53hB5lemOxgJsnKCq2lLFIerytMnw2r+qOz/Byv0VzREXQIvY1z6gbyOpZiFvoXXd5Omji/UbLcjqJtC8pExDLtVWqOOgbZHiFtK0mbGmLU6ZXtJOvfLtxmPs+VSP9m4gkstCiLkkbabTa663e1/2ZkZVjeDhPQWknrVL+uRdHO8WP8U94BHcCNI5T5TYsb9hu1Ley059xDWvydrt+cbb+kqO3tvANyerDQGmo/aP3CSK8qanyqSnsJHvm/wCMKnfTI7xD8SQrcnXPnVfAWHgLTK8nVHyz9X/mSxzikeDDunhj6R4+Ii1C0jlyRPnN6oRcmpdLeI90kBXQ/KE2BHSPGPUGiIymj0E/tGekgJ6GhpBKsKqTVYZZmbypGKdBjuE2w2+TeFlSBGUsucxylloHnSS4RPExh78HpDfaaOaXAXiZmywD1RU+aIMvbdCtAvECuKohxZhITE5TbzZYGgmis2FXagy75uidklcZukakWiEp0+yO0Ao6ImJssN6VtY8Fmexue3eZIDNKTeeUPaJTplZpPLYqZ1cC2EbeVHYIF8Pg/nDwPulYE2Ef8m/gc/6TlTD4bg3qitSnS4GR4mViuSbRnVYOw4TBnhEluBCKs1pwggGVv0z0yJmA0//Z', 66),
(80, 'data:image/jpeg;base64,/9j/4AAQSkZJRgABAQAAAQABAAD/2wCEAAkGBxMQEhUQEBIVFRUVFxUQEBUVFRUQFQ8QFRUXFhUVFRUYHSggGBolGxUVITEhJSkrLi4uGB8zODMsNygtLisBCgoKDg0OGhAQGi0lHR8tLS0tLS0tMC0tLS0tLS0tLS0tKy0vLS0tLS0tLS0tKy0tLS0tLS0tLS0tLS0tLS0tLf/AABEIAKsBJgMBIgACEQEDEQH/xAAbAAACAgMBAAAAAAAAAAAAAAAFBgQHAAEDAv/EAEMQAAIBAgQEAwUECAMIAwEAAAECAwARBAUSIQYTIjFBUWEUMnGBkQcjobEVM0JScsHR8BZTYiRDZHOSorKzgtLhNP/EABkBAAIDAQAAAAAAAAAAAAAAAAECAAMEBf/EACMRAAICAgMAAwEAAwAAAAAAAAABAhEDMRITISIyYUEzUaH/2gAMAwEAAhEDEQA/AKxOL9a8NjreNRpITvQ7EXBqzkxOKDHt/rWvbfWgV6zVQ5h4oPDF+tevaPWgIkPnUmGQmlcmMooKc31rRb1qKldQtDkw0j2T6/jXg/GvYjrfKqWyUjiR615IPmakcmt8mpbJSIhU+ZryUPmamcit8ih6TwgFD5mtcs+ZohyK17PU9D4D+WfM/Wt2f95vqan8itcigQ5QwG17m53JrlisOSCb7iiMIsLH61qdbiw+dL7Y3lALlN/ZrOW39mi/s1Z7PTWxaQI5bf2a1ob1+tF/Z617PUtkpAnS3rWtLetFvZ60cPUtkpAqzetasfWipw9eTh6lkpAzf1rVz60TOHryYKNkpA659azUfM1OMFeWgqWSkQ9R8zWaj5mvUq2rnRFZ61HzNa1HzNarKhDrCxv3rK1D3rKhBwmwWxpezDD2qysTgBpNJuc4exNM2SqFW1aqby68tFSkIyi9EMNBXnDYe9H8BgL0jnRYoWQocLUuPBelH8LlfpROHKqnYidbFQYH0r17D6U4rlQr2MpHlU7ETrYljA+lehgfSnMZT6V6GUjyqdiJ1sSvYfSs9hPlTr+ih5Vr9FelTtROtiUcCfKs9iPlTocq9KwZV6VO1E62JRwJ8q17CfKnf9FDyrP0SPKp2InWxHOCNefYzT1+h/SvJyb0qdqJ1sR/YzWHBmnb9D+leTlHpQ7ETrYknCGtHCGnU5R6V5OUVOxB62JXsprRwppzOUVo5RU7ETrYmHCmvJwxpyOUV4bKPSp2InWxNOGNeWw5pwbKPSuL5T6VOxA62KRgNc5ITTS+V+lRcRl1h2plNA4MTMWlqjUazLDWvQainYrRqsrK6wx3NFsiVnvDR3NZRbB4WsqvmWcC28XBsaQeIY7E1Z2Mi2NV3xRHa9PEWQn2rywroK0wp6KiZl0VzTplOD2pWyhLkVYWUwbCsGR/KjdjXxJGGwnpU9MNUnDQVL5O1FIDYWwfC0TIGZ3uQDsFAH1BpX4tmXBfq11/xmx/AVYeX/qx8B+VVh9ph3rXLHGn4ZFklewEnHA21Yba4B0yeZt4rT17KKpwR9N/9Q/Or15VZpRrRpjK9gz2QVnsgonyq3yaShwUcIKz2QUV5NZyaFMIJbCgb2ovhOHFdQxktcBrBb2v63rlNFsfgfyo3k7XQfwr+VXYYKV2U5puNUVtxNnyYGUxGIyW/aDBPwsagZbxlFPJHFyJF5jiMHUrAM3a/bah/wBpn/8AS1B+GIry4c/8TEPxpsmOKuhceST2WocIK8HBiiwirRirKaQR7GK0cGPKi3KrRioEA5wYrm+FFGTFXGaLY/A1PQnTB8KtIofmKtxe1ix3pd4nZMAbMDJ/DZfzNWPk5+6X+EflVX/ai3XW94IUYlmnYFh4ugd1j5UoLsqA9BALEAX37b0xyYMVVOA3xMH/ADov/YtXXJFWTIuL8NUHa9AEuEHlUDGYMWpjkiqFi4dqCYWis8+htelGQb0+cTR2vSLN3rTjfhnyHOp2AS5qDRTK1ppvwXHsZMtw+1aollUW1ZWFz9NiiWVjE2NVzxanerOxSdJqueME2NdKKMUn4IIrbCtisanZUthvJF3FWNlSbCq9yIbirIyldhXNn9zoQ+gbw6VLEdeMMlTLAC5IA8ztV6RU2GsB7g+A/Kqw+0o9VWHl+ZIY9QEhFrXEUh/lVXfaBmaSyhI9RY7WKMm97W6gK1S0ZIipGn3JPqPzq9NNU+cskTDHWukk7Ast/j32HrVyRMGAZSGB3BBDA/AjvWaSNEWeNFZortpremloss46KzTXUistS0SyLOnS3wP5VLyFug/Af+IrjiiAjEkAWO5IA7eZrhkWPUITZyPNYpXGwF7FVINX4VVlGZ6Ko+0g/wC1NULhRd8Of+Kh/Ou3HWIE2KYxhiO3uOv4EA10yLCvA+FjmUozYiORQ1hdFNy1/Kjk9sGPyi3dNaK11tW7Vko12cNNeStSCteCtCg2RytccQnSfgfyqYVrhihZGJ2Gk3J2ttQolhjJT90vwH5VV32oH7yrHyPHR8oHWLWG43Hb0qsvtHnWWU8s67d9IJt8dq6T0znLZX2Wj/aYP+fD/wCxavJ1qkMBGwxUAII+/hv6DmL3q9HWsOXZux6IMi1Cxi7UUdahY1dqrQ5XHFa7Gq9n71Y3Fo2NVziO9asWjPk2cqL5QO1CKNZMO1HL9QYtj1lCdNZUjJk6ayuY2b0ixMUuxqueMhsfnVmYpek1W/GQ6T867cUcuTK6FbNaFYaLEWxgyLuKsrJ+wqtci7irLyXsK5sv8h0I/QPmXQt9r+F9gPU+n/4PGpMORyzx6iUDEg6pEWVgL/sIwKp9KCS5nokkBj1LEqvfbvpLC23fYn6US4ez6aaOOZE0KyhwrOCGUjVuANiR41qi40ZJttinl6404uXCpjZIxGSLg6EDEm4KjpA+ArniOGMRiJiZsQ7FVBViFKNdjdWXv4fjTfnGAlkcywLFHK+8rcwsHIFgdJiO9tvkKBzQ5mrOyy4bpsWGnYjchV+79TSyl6NGqOT8NyJG6NHFJqS0RX7oxP4Ha4bxBBH0oXluW4zBMJYzywxNl1EwTlRco8fZW32YWPr3FG+E+I8RjdYCreFgHvoUsWvbTta3SfKmKQPc3gdlb3gGiNm8GAsO3l60FdEco2dcgzdMZEJUFjcrIh7xSDup/O/iDRGk/hR19rlaNWQSoGlRiDaRHKqwAA033PqGFOVqagqVngih2e5qmFj1tuWOmNL2Lv37+AA3J8BRQiq84xWXE4h44lJMYWNTYEIGsXO+1yxHfwQVKX9C2/4B849vxC+2lGeIBgDZOWhubskbf7sCwLMCCb32sKB4XiDHHVGmJgB3lLE2dkRR92Cg0HYbIoud6d+FsdNhpxl8TBeSnNnD2lE7O5BLSe9vfYA2FqIZ1wnHNIJYQkJa5kULqUk+K2tp7kEdj32uatlr4lUd+lQR5hLzDNzQXbb9U2nfbYLYr8qMY/jLEtaN5IByxyzJHEGaTST1cyVTtt3FqfRwUocEyL1FthGulb7ABSPC4t8qx+BCvXFOocXKsUsRcW2KEW7nf1pFyWh3T2J3DPFr4EKGkM8TkOVD8xYka4Iud45QVYlTsQVPjerewmIWVFkjOpWAZT5g1VPBPCjSpiFAXolaCSzAN0+6yqRY2N+58xvTvwTFJCsmFlFjGQyi2npI728Af60MkE1aJjm7pjJavJFdLV5NUUXWQcxxghTWRc3Covi7nYAVXOe4rEYhyJIzIAdLDlmSGBj+zp93UPM3N/Gi/E+cEY3lhWcxqNCrZusjUX0keGwvei2QZriI4gojUMxMkgkC6RfuqhWNr+J71dCMVvZTOUm/NAvC5rmYhRcOunTGTMJnV7lTu69I0C3hc/1Wsyw+KxRYumqXYSDmGNEVgdJUi3l6Wpk4mx64m8GEDw4lj1ASMIV0LqbQ6tdfgFsdtgd6HYfIMwJBEiixBce14jS9rbHbUb2338drC1g1PTYYuO0KefLPFKAInIB0kACZG8DywADpNtqLYDisxMhwzCWLQgkh60IcD7wIJCSr9za+k+Fqa4+HcUNOyki129txQf1sxuF28QAfWhmZ8JR4OOXFHAIyoGla05dwo3JAKdx53v603Xe6F5tasacFjEnjWaI3RxdT2PqCPAg7EVyxvahvDUbRtJHyuUjASxqL2v2Y7gXJupv40Uxo2qiUKdF8ZWrK44v7Gq2xHerL4wGxqtMR3q3HorybOVHckHagVHck8KOX6kxbLEyb3aytZP7tZXMN5ZOL7VW3GfumrIxXu1W/Gnumu6jkMrcVhrQrRoMC2MORHcVZeStsKrLJDuKsbKW2rnv/ACG9fQM5jlGIaLEaIXPM3jtbr+4Cixv5m1TeHcpmhgiR42UrGisDbYhVFu/xpww/6pP4U/IUsTZbKSiDEllAQctppRrZWiJPMsW3Ktub9xa1zWjoV7MvY0EBA4O6n8PKoE8TWmuPe93tvse1cs4wM0ksjx4mysDph5ssWko2GLbpulxDMCQD7+3vPQuWCRJI5nxXQruXXVITKOXbdD2IZS2kgjuO5vU6UDsYK+z7CvhWxJxKmIOyFNRU6gDJe2kn94fWnWPNoB/vV/H+lJL4CTmCRpTYPKSqyPKjKVKqvULix6juepfp1jG9R+ARJyLAumZzTg/dSdKnYhxdSAB3G9z28DT1S5lK9afGmM1IrwZGqX/0PMZZXERKu4ZTddwB5XuKPmiOD9wf340XHkqDyorbKuHMSmYzztE4UxIitdbHdTsL7bq1N4wzi11NSM5icujI4XQ0bNdnUMLyH9jvtcWO2+/axXWwOJ0G2MUlFRme8/7Ek0vuXJFy0anc3WOxBHTTcEJzYXmj28iNx/f99q22MjtdnVTbcFgLHyoJioZFimHMDPzxIre0znp5gexNjyxoGnlqNFgb9zQdSY9aSyBmaQyINbSWQqB3b3QWV20jZdQA8KNUTlZ24HdYpsaZLRh5g0ZdgvNA13ZbncbijsTh8azIQynDquoG6lhI5t8bEUoEb0y8Nr1H+E/mKqcr8HS9GA14Y16aubUKLBYxfCuIkxgxSKpQq498AnVoC7fI0UiyKcC2gbbbMvfY/lTTgj0L8KF5zlxlZismjUnKNkLm2pWuDqFvEbWvfe9hZ+pN2VdrXghZdwZjI8wkxTRjltrsRIhO6qASL38KbocG6Elhtt4g1hyoXaaWXWplSUh1IWLRJLK4Go9KlXA9LHwNhEwGClgZC8wkB5iuSkidbujORqY2+9EhAPg9vCmcExVkaCZxKJ7xt8if5UJ4izjDPhp4uYNTxSIoKvuWQgDt50GXDASag6bGQgL2YSC+hTtcdJe/jvt40Hzgd6Sb4rwaL5MZcBnMM0eGiSTVIqAOtm2IiAbcix3HnXbG9qS+Dx/ta/wv/wCJp1x3aqlJz9ZclxVFccYdjVZYjvVm8Y9jVZT96tgVzOdHMlPagdG8m8KGX6hxbLDydumsrxk56ayuazeWdifdqtuNfdPzqy8SvTVacb+6fnXeicdlaCsNaFYaVhQeyU7irEyptvlVc5N3FWJlXu/KsFfM2r6FuQfqk/hT8hUWWfpPVFfaxLNp8zepUP6pP4U/IVykRjvpQ+F7n+lbTEyBi5bb6olU9izOC1iAxG+/cj6UKlcvqCvE1l2sXLatrM29gLG9vhvvRbERvbdY9iCu5sDckm/gfd7etC8cWB6THuFDXcgg9Vxt3G23bsaDAL+bRSX6Clv9Wsm/iTYgedDosPJcdSevSx8fDfy870Qxjsbg6ASLraVj1WFgR476tx5DveoEUct+6fWVtvqKplssQz5JGQyarE6u4XSO3xNMhpayNGDrrKkknTpBFhYne5N6ZDTR0FGiaIYRulR6UONEMIegfCnQJHLFSaWJ1KuyDqvY7vsLEb71CmxQut3jtbrF31XsT07+nj5Gp8pOo2IvZe5Ivu3lUPEpJbZY/mWt+VMIwLi5ipKs8KkbFQ8gINlYKd9ve+hBoDjFLi90IuxJRmYEfsjc97m5PoPPZkxKtquwTcdRuL2u1wLjfYJ9G9KWcyaQEheWRuRZwt7nva22+r5j6LLRFsDKkurfR/1SGm3hdGDHXp93bTqPiO+o0ps0hIKaSPG7nY3PbSNxax+dNnDGvUden3drFjvcX7/Ks62XDAxrk1dDXJqsoawpl7dIrJpLE9QG/wC4W8PMf3tXPAHpFdmJuQGAPkfHarUUMiPNqJCuvV+rGj3e5vf9obGhGIxQ3++S97fq207lQL73vvbuL3o1OkhGzr9G/wDtQ3GP74MigWNupiUOnu1za3faiKBMejMtwym6rY6TpJO5a172ItYX2pJzXDyb3ZL+iEb/ADY035lI12vJHa521SA2DAW97vv386Us2jdupHTSfVn6hs299xe/rVGXRbj2c+CYiMWCxB6XtZdNuk09Y7tSNwTGwxY1FT0uNgRvpN+5NPOOG1VY9F8mVtxj2NVnP3qzOMuxqs5u5q5FUjnRrJz2oLRjJ/ClyfUbHssHJ26ayvGUe7WVgo2lo4vFDTVaca4gFSPjTXjJjbvVd8Uyk3rtJnKcRRArZFYKwmlZEGcoaxFWHlUo0/Kq2y07in3JdxasT8mbY/UumI/dJ/Cn5CsDWHYD4dqrTOPtHnw8T9EDMraVBV11AaLdn/1eFFcLxk0liYod/LV2Ox8aveWK2ZVjk9DPmJDLawbcbEkAkduxG97UExMezXhUWHTd2fVdj3H7OxJ7nuQNqgYjiBCVvh4CRYqSLlT3FvKomL4lvduVFcdiQSb/ABvQ74f7D1SOGMjAFxFGpVtSAktYWHj+yfC/a1QsPizqs+gfAkm5tbY22715TNhOwLRxctkupC9SuGKspuSLf0NTYuSOo/hYfypJSVhjEOZHjFZhbffY9x286YTOKQ8pzMtNoU9Ot1Xt2VIiPxMlMBlPnTp0SKsNHECiGDa8anzANKnMPnSli/tDxODlML8soCVjLRn3QbAXUi/xplMkolqTN1dgdl7/ABbcfj+FanmA8fT5+VVdk32oSyamxEeHUltKgCQDQOx3c79RotPx3ELAxwHquOq1mB7jbv60XNLYihJhzNbMSQivYAe+6Ee+G3B2G6+F+o+Qss5vFcA8lbnUx62srm1rHxBAB7fzvpOMMOCSsMCkixKlQSL3sSF33qJjM/w/lGPHa3f+zSuaeg9ckQpHMbHlqmknV7xUkkAbix8u/wAKbOGMYpdlvvpv+IpFw+bwNqLqiDUV7DqA7Ht40x8OY5ZHblX0hdiRa+4qumvR166HgziuT4gUIaY+dczKfOh2FvWNmAPSDXUy2Y3It69/Ug/SqhbirEw4uWEYhwuoCNToZQPIagbUVm4yxEZIMwvsSCkRIPrYVZ2pbRS8TeixZcWm3UN9xuNwNr0FxMwfU8RgcAm7ML2NuxK+P8qrrK/tKxkkrRyGHSA2k8og7NYXs3lTCnF0p2blW9EO/wD3U0ssY7FjilLRKzW17hYbC3URdgBbXvb1P4XpNzXE6bhWhC3NgNrAkkXsbXtTRJnesdZTfyFqG4zEYc31kfUCqpzUtFkcbjsGcG4lfaxb91//AB9KdsbOLUgcM4xWxEoXexJjPgsdu1/E3o/jpzbvSR+HjLK5eirxjMCDVbTd6cuJJCb3pLkO9XRdlUkeaMZQbWoPRPLTQyaGx7LByiUWrKHZY5tWVgaNiHvGN0mq74kk3NPePl6TVd8QPcmuqmc+SAQNYTXgGsNFiIL5adxT5knYVX+WncU95LJsKxz+xsh9TeOw2GxfNSVJRLG5KNGQQ63QEEEHf5fMUKw3DbsfucdAukgFJHMLqT21K3b513glYYmbT21H80rtwzMwxOK9WjJ/6BT8vSlYwficjxgY2xMZVASzByy3HhcA0IXCYpm08wHe1xJt3+FWg0gJ6lU7HuoO/wBKB8TMogkIjQGx3CKCPwpVKx3B/wCyDheF8UkZV2jRHu6O06XVyNyBcGxsD8vU16wnDUiqWmx0SqB1iN2nIHi3QGG1SOB9sMlgO7m9hc3Y+NGc5nYwsCdiUUjzDMoP51elTopatWd8nwoUBgADHL7O5PvFuW7HsLdrfWjd6F5eto3bzxkhPxERH86m8yq8njHw/UkBqSYcxwkrz4fGYfmvzHELAkbBdW51C26+G+9OAeqwxeVNLiZHbUI+bMqsNvvAmo7+NgV29aEJVY2SN1YRk4ZwTAu87QAC6oRYjt3kbpPj3PzNCM84URGXTiAbguDbVcHe2pXI29BXLiGNxFeRgyiw1DUrb7bgkinXJZGCoGN+nxFj7vjbai8r42BY1dFby5F2IlUD1D2vfsNjfwovhuES662mjCg6bkugYm212TT4+Y70/pKvio+gpf4zlBkwtgBadD2A8RUhNyJOFHjLeG4Y06h7QwGoInNCFwTZTLHZRtve9jbvTFw+o060UIu6BQDtdIpAdRJJ2kHfyNSMRjLIe+wJ/CuWRtaEeravheDD7U+R3BiQjU0Eia83rwXrxqrFZsoSM5hwc0s3OleOZGK7AaSl9m9beIuDQ+PgqeZVfDSrIr9jq0k+pUXI+pr1mkoXFYoEDexF/ixP51OwEiyRqeWltKWAUEDpHnWuU+MU6MsYXJqwViOCcWqm2nWLD3yL779wDXn/AAnj7gPdB4sWYAet9NeOKFMZj5bMmpwllLKp3HdQbUUwuXnml3UA32svOQj4Mbr8gKWU/LGjD2jxDwNjSoLSqB4nmNYC/wDDvUqPhOFDIr4nmSCwKRH2gkE/saUsWHjuLUzRxLpUmNL+iKP5XodlWItjp/Plx2H+m5p4TFnj/ThlWXCFxaPllVIYElmfUVsWubKbHsAPWpWPbprc8uqd28gAfoP61Gx8m1U5fsW4l8RI4hbvSi1NWfN3pVNWw0VT2aollpobRDLjUnokNjjlnasrllj7VusLXpsQ0ZhP0mkLOXuTTPiMUSDqt+NL+Pija+5ufd7D5f2K6a8OfKSAccDMpYKSq+8wBIX4muZNNLwRx4flmYl2BJsA4SNt9ChexPixPp4UMiy+IgEs3VcLaw3HntSRndsEmonHL23FOmUy9qXcJgY9utu+k9IO/wCFHcEyL2JNvgN6qkrZbDNGgxh1kE5LQM6HSzGKNWYpYW94ab2G51X9K1gZUSSVsM4VpGuRLh1kZmXbZVkuoA9fDt3NLGLHMPU72uTsxWx2AtY9h5VHw2ARyyuXbcadyCCe5LG+qm4orWQsDGZu8YFsRg3LLe7Qsug291gJTZvTahq5g+KHJlbCaHBUmMcpviGZmC/MUuNkcY1BuZtvYPte4F+3lUefALApZQb7kFgklvkVtSpfv/B5T8LRy/IUw0CLFi8Mir5r7U+5vuwIHj5UTwseGdCJJll2IZdMcSMfDsuofI32qo8ugjmjVpE1nffaId/KO1Eo2WDS0KmMhl6leS9iwuAS3iNqvS99K3dWPeLzSNvuY43QFjKzcl4o5JLWNnfdjv4ADauAeh8Mzchz3AxTkXYm33dtIv4W+lc/bj+7+NUZYuy/C1xDCSUEhzEHXC0TMgmZwYWSYNq0Bi6HSQejtcn41ITGN+7+NVzi4QZXLBSOZIbMNQufWjiWyZn4hozzDQyXghlg6rFG5LLIDcHQyE7nuDUxs5hWw0xkgW28D8OYtvhSPPAtrgBfJgZLj0sWItRE5JC9iY2Fxc2c7+u96ZwVCqTsbJs4iQDUgGoBgyxg7H4zGxHwrxicImNOHkjG0Uqu33THmAW6W0sbD1tSyuQYfxjc22H3h2HkNq3iVWEpHGoVWYBgwDlh4jURcVIRVkm5UWlGYtJMow0agG45ZmYgd7FioB7dxtQ4Y2EqI4AQF6jdSoN0jUEEgX2jtsLbd96T40WEfdKV8d5JCAfPTqt+FGsPM4jDFdVy3UTvfRFcfUE//I0ci+DoEH81YV51ZzKFHHN/ln6isGOf/L29DvWPgzZyRFOZYcTzRTowDK0ZkjWKTpa5OpGXXcejEbdqg4/E4OElMLLHKto2WR4SgBNwyumoG/bdRYUtZ3Bqnlfa7FiR4jvWZbg4WUcyJSbe8C6km3jYitbSpJoxq+Tdh7PstWQRMZMP0kSjliRQ48LhvD4GvZxUkek6MIytuLSS6vmNW1LOcYdAECahZrG7s/T+6NV7VqDK4mO/N+TqfzSlcFXoyk/4OWGzpmsOVBt365zb6U1ZZkMNzi2951VDGQWWy3PSFfWL+beXaq2hymJRscQLixtIo1C97EBLEXAPyqbl2YOjtGHkCKBYKQrsT31sAL00FEWfIZs3xWFWRo8PpDkXkCbqLEdzvY/O9BsbNtUabGsX1G5AGlb9RA9Tbeo2JxoI7H6VXkVyLcbqPou523elumLMhqvQV8KfT6irY+Irlsj1MwPeuXszen1qThISKktAjsY8ufasqNhJrVlZnA08iec1w57l/rXg47C+TfWl0xisEYrf4Y+TGI47CnuprBmGGFrKdu3pS9yxWCMVOMRb/EMS5nhx2Hjq+ddf0zD4UsCMVnLFDhEl/iGU5xDYC3bf415XOYRewtfe9LgjFZyx5VOMQ3+DJ+nI99zv3rxLnMTCxuaXTGKzljyqcIk5fwYUzqNQFW4A8K0+eofE0vaBWhGKlIPNjO3FLaSms6S2sjza1r1HPEB8JG+tATEPKvKxjyqcUFTf8Dw4jf8AzG+tcv04PEA33Nx3JoMYx5VoxjyoKKI5sN/ppLWKrb4V0PEZ8x5C221LpjFa0CjxRObGH/EB/ernLnIaxJuRuPQ0BKCtaBQ4IPNjA+fX7sTXX/E8mkIJCACSB6kAfkBS1oFZyxU4onIYv8SP/mN9a9DiZ/32+tLfLFa5YpeEQ9jGBs7UkllBJ7k9zWlzxB2RR9aAcsVnLFHigcmHJs5RralBsbjvsawZ6B2FvnQPlitcsUOKDzYwf4jPmfrXFc8sxYHc9z50F5YrOWKnFE5sN/p47i533O9eGzoHvf60H5YrOWKHFB5sJPmEZ7r+JrmcRB+5+JqDyxWcsVOJOf4TDNB+5/3Gs9sjHZT/ANRqHyxWcseVTiTn+E6LHrfYH61lQ40F6yhxRObP/9k=', 68),
(84, 'data:image/jpeg;base64,/9j/4AAQSkZJRgABAQAAAQABAAD/2wCEAAkGBxMQEhUQEBIVFRUVFxUQEBUVFRUQFQ8QFRUXFhUVFRUYHSggGBolGxUVITEhJSkrLi4uGB8zODMsNygtLisBCgoKDg0OGhAQGi0lHR8tLS0tLS0tMC0tLS0tLS0tLS0tKy0vLS0tLS0tLS0tKy0tLS0tLS0tLS0tLS0tLS0tLf/AABEIAKsBJgMBIgACEQEDEQH/xAAbAAACAgMBAAAAAAAAAAAAAAAFBgQHAAEDAv/EAEMQAAIBAgQEAwUECAMIAwEAAAECAwARBAUSIQYTIjFBUWEUMnGBkQcjobEVM0JScsHR8BZTYiRDZHOSorKzgtLhNP/EABkBAAIDAQAAAAAAAAAAAAAAAAECAAMEBf/EACMRAAICAgMAAwEAAwAAAAAAAAABAhEDMRITISIyYUEzUaH/2gAMAwEAAhEDEQA/AKxOL9a8NjreNRpITvQ7EXBqzkxOKDHt/rWvbfWgV6zVQ5h4oPDF+tevaPWgIkPnUmGQmlcmMooKc31rRb1qKldQtDkw0j2T6/jXg/GvYjrfKqWyUjiR615IPmakcmt8mpbJSIhU+ZryUPmamcit8ih6TwgFD5mtcs+ZohyK17PU9D4D+WfM/Wt2f95vqan8itcigQ5QwG17m53JrlisOSCb7iiMIsLH61qdbiw+dL7Y3lALlN/ZrOW39mi/s1Z7PTWxaQI5bf2a1ob1+tF/Z617PUtkpAnS3rWtLetFvZ60cPUtkpAqzetasfWipw9eTh6lkpAzf1rVz60TOHryYKNkpA659azUfM1OMFeWgqWSkQ9R8zWaj5mvUq2rnRFZ61HzNa1HzNarKhDrCxv3rK1D3rKhBwmwWxpezDD2qysTgBpNJuc4exNM2SqFW1aqby68tFSkIyi9EMNBXnDYe9H8BgL0jnRYoWQocLUuPBelH8LlfpROHKqnYidbFQYH0r17D6U4rlQr2MpHlU7ETrYljA+lehgfSnMZT6V6GUjyqdiJ1sSvYfSs9hPlTr+ih5Vr9FelTtROtiUcCfKs9iPlTocq9KwZV6VO1E62JRwJ8q17CfKnf9FDyrP0SPKp2InWxHOCNefYzT1+h/SvJyb0qdqJ1sR/YzWHBmnb9D+leTlHpQ7ETrYknCGtHCGnU5R6V5OUVOxB62JXsprRwppzOUVo5RU7ETrYmHCmvJwxpyOUV4bKPSp2InWxNOGNeWw5pwbKPSuL5T6VOxA62KRgNc5ITTS+V+lRcRl1h2plNA4MTMWlqjUazLDWvQainYrRqsrK6wx3NFsiVnvDR3NZRbB4WsqvmWcC28XBsaQeIY7E1Z2Mi2NV3xRHa9PEWQn2rywroK0wp6KiZl0VzTplOD2pWyhLkVYWUwbCsGR/KjdjXxJGGwnpU9MNUnDQVL5O1FIDYWwfC0TIGZ3uQDsFAH1BpX4tmXBfq11/xmx/AVYeX/qx8B+VVh9ph3rXLHGn4ZFklewEnHA21Yba4B0yeZt4rT17KKpwR9N/9Q/Or15VZpRrRpjK9gz2QVnsgonyq3yaShwUcIKz2QUV5NZyaFMIJbCgb2ovhOHFdQxktcBrBb2v63rlNFsfgfyo3k7XQfwr+VXYYKV2U5puNUVtxNnyYGUxGIyW/aDBPwsagZbxlFPJHFyJF5jiMHUrAM3a/bah/wBpn/8AS1B+GIry4c/8TEPxpsmOKuhceST2WocIK8HBiiwirRirKaQR7GK0cGPKi3KrRioEA5wYrm+FFGTFXGaLY/A1PQnTB8KtIofmKtxe1ix3pd4nZMAbMDJ/DZfzNWPk5+6X+EflVX/ai3XW94IUYlmnYFh4ugd1j5UoLsqA9BALEAX37b0xyYMVVOA3xMH/ADov/YtXXJFWTIuL8NUHa9AEuEHlUDGYMWpjkiqFi4dqCYWis8+htelGQb0+cTR2vSLN3rTjfhnyHOp2AS5qDRTK1ppvwXHsZMtw+1aollUW1ZWFz9NiiWVjE2NVzxanerOxSdJqueME2NdKKMUn4IIrbCtisanZUthvJF3FWNlSbCq9yIbirIyldhXNn9zoQ+gbw6VLEdeMMlTLAC5IA8ztV6RU2GsB7g+A/Kqw+0o9VWHl+ZIY9QEhFrXEUh/lVXfaBmaSyhI9RY7WKMm97W6gK1S0ZIipGn3JPqPzq9NNU+cskTDHWukk7Ast/j32HrVyRMGAZSGB3BBDA/AjvWaSNEWeNFZortpremloss46KzTXUistS0SyLOnS3wP5VLyFug/Af+IrjiiAjEkAWO5IA7eZrhkWPUITZyPNYpXGwF7FVINX4VVlGZ6Ko+0g/wC1NULhRd8Of+Kh/Ou3HWIE2KYxhiO3uOv4EA10yLCvA+FjmUozYiORQ1hdFNy1/Kjk9sGPyi3dNaK11tW7Vko12cNNeStSCteCtCg2RytccQnSfgfyqYVrhihZGJ2Gk3J2ttQolhjJT90vwH5VV32oH7yrHyPHR8oHWLWG43Hb0qsvtHnWWU8s67d9IJt8dq6T0znLZX2Wj/aYP+fD/wCxavJ1qkMBGwxUAII+/hv6DmL3q9HWsOXZux6IMi1Cxi7UUdahY1dqrQ5XHFa7Gq9n71Y3Fo2NVziO9asWjPk2cqL5QO1CKNZMO1HL9QYtj1lCdNZUjJk6ayuY2b0ixMUuxqueMhsfnVmYpek1W/GQ6T867cUcuTK6FbNaFYaLEWxgyLuKsrJ+wqtci7irLyXsK5sv8h0I/QPmXQt9r+F9gPU+n/4PGpMORyzx6iUDEg6pEWVgL/sIwKp9KCS5nokkBj1LEqvfbvpLC23fYn6US4ez6aaOOZE0KyhwrOCGUjVuANiR41qi40ZJttinl6404uXCpjZIxGSLg6EDEm4KjpA+ArniOGMRiJiZsQ7FVBViFKNdjdWXv4fjTfnGAlkcywLFHK+8rcwsHIFgdJiO9tvkKBzQ5mrOyy4bpsWGnYjchV+79TSyl6NGqOT8NyJG6NHFJqS0RX7oxP4Ha4bxBBH0oXluW4zBMJYzywxNl1EwTlRco8fZW32YWPr3FG+E+I8RjdYCreFgHvoUsWvbTta3SfKmKQPc3gdlb3gGiNm8GAsO3l60FdEco2dcgzdMZEJUFjcrIh7xSDup/O/iDRGk/hR19rlaNWQSoGlRiDaRHKqwAA033PqGFOVqagqVngih2e5qmFj1tuWOmNL2Lv37+AA3J8BRQiq84xWXE4h44lJMYWNTYEIGsXO+1yxHfwQVKX9C2/4B849vxC+2lGeIBgDZOWhubskbf7sCwLMCCb32sKB4XiDHHVGmJgB3lLE2dkRR92Cg0HYbIoud6d+FsdNhpxl8TBeSnNnD2lE7O5BLSe9vfYA2FqIZ1wnHNIJYQkJa5kULqUk+K2tp7kEdj32uatlr4lUd+lQR5hLzDNzQXbb9U2nfbYLYr8qMY/jLEtaN5IByxyzJHEGaTST1cyVTtt3FqfRwUocEyL1FthGulb7ABSPC4t8qx+BCvXFOocXKsUsRcW2KEW7nf1pFyWh3T2J3DPFr4EKGkM8TkOVD8xYka4Iud45QVYlTsQVPjerewmIWVFkjOpWAZT5g1VPBPCjSpiFAXolaCSzAN0+6yqRY2N+58xvTvwTFJCsmFlFjGQyi2npI728Af60MkE1aJjm7pjJavJFdLV5NUUXWQcxxghTWRc3Covi7nYAVXOe4rEYhyJIzIAdLDlmSGBj+zp93UPM3N/Gi/E+cEY3lhWcxqNCrZusjUX0keGwvei2QZriI4gojUMxMkgkC6RfuqhWNr+J71dCMVvZTOUm/NAvC5rmYhRcOunTGTMJnV7lTu69I0C3hc/1Wsyw+KxRYumqXYSDmGNEVgdJUi3l6Wpk4mx64m8GEDw4lj1ASMIV0LqbQ6tdfgFsdtgd6HYfIMwJBEiixBce14jS9rbHbUb2338drC1g1PTYYuO0KefLPFKAInIB0kACZG8DywADpNtqLYDisxMhwzCWLQgkh60IcD7wIJCSr9za+k+Fqa4+HcUNOyki129txQf1sxuF28QAfWhmZ8JR4OOXFHAIyoGla05dwo3JAKdx53v603Xe6F5tasacFjEnjWaI3RxdT2PqCPAg7EVyxvahvDUbRtJHyuUjASxqL2v2Y7gXJupv40Uxo2qiUKdF8ZWrK44v7Gq2xHerL4wGxqtMR3q3HorybOVHckHagVHck8KOX6kxbLEyb3aytZP7tZXMN5ZOL7VW3GfumrIxXu1W/Gnumu6jkMrcVhrQrRoMC2MORHcVZeStsKrLJDuKsbKW2rnv/ACG9fQM5jlGIaLEaIXPM3jtbr+4Cixv5m1TeHcpmhgiR42UrGisDbYhVFu/xpww/6pP4U/IUsTZbKSiDEllAQctppRrZWiJPMsW3Ktub9xa1zWjoV7MvY0EBA4O6n8PKoE8TWmuPe93tvse1cs4wM0ksjx4mysDph5ssWko2GLbpulxDMCQD7+3vPQuWCRJI5nxXQruXXVITKOXbdD2IZS2kgjuO5vU6UDsYK+z7CvhWxJxKmIOyFNRU6gDJe2kn94fWnWPNoB/vV/H+lJL4CTmCRpTYPKSqyPKjKVKqvULix6juepfp1jG9R+ARJyLAumZzTg/dSdKnYhxdSAB3G9z28DT1S5lK9afGmM1IrwZGqX/0PMZZXERKu4ZTddwB5XuKPmiOD9wf340XHkqDyorbKuHMSmYzztE4UxIitdbHdTsL7bq1N4wzi11NSM5icujI4XQ0bNdnUMLyH9jvtcWO2+/axXWwOJ0G2MUlFRme8/7Ek0vuXJFy0anc3WOxBHTTcEJzYXmj28iNx/f99q22MjtdnVTbcFgLHyoJioZFimHMDPzxIre0znp5gexNjyxoGnlqNFgb9zQdSY9aSyBmaQyINbSWQqB3b3QWV20jZdQA8KNUTlZ24HdYpsaZLRh5g0ZdgvNA13ZbncbijsTh8azIQynDquoG6lhI5t8bEUoEb0y8Nr1H+E/mKqcr8HS9GA14Y16aubUKLBYxfCuIkxgxSKpQq498AnVoC7fI0UiyKcC2gbbbMvfY/lTTgj0L8KF5zlxlZismjUnKNkLm2pWuDqFvEbWvfe9hZ+pN2VdrXghZdwZjI8wkxTRjltrsRIhO6qASL38KbocG6Elhtt4g1hyoXaaWXWplSUh1IWLRJLK4Go9KlXA9LHwNhEwGClgZC8wkB5iuSkidbujORqY2+9EhAPg9vCmcExVkaCZxKJ7xt8if5UJ4izjDPhp4uYNTxSIoKvuWQgDt50GXDASag6bGQgL2YSC+hTtcdJe/jvt40Hzgd6Sb4rwaL5MZcBnMM0eGiSTVIqAOtm2IiAbcix3HnXbG9qS+Dx/ta/wv/wCJp1x3aqlJz9ZclxVFccYdjVZYjvVm8Y9jVZT96tgVzOdHMlPagdG8m8KGX6hxbLDydumsrxk56ayuazeWdifdqtuNfdPzqy8SvTVacb+6fnXeicdlaCsNaFYaVhQeyU7irEyptvlVc5N3FWJlXu/KsFfM2r6FuQfqk/hT8hUWWfpPVFfaxLNp8zepUP6pP4U/IVykRjvpQ+F7n+lbTEyBi5bb6olU9izOC1iAxG+/cj6UKlcvqCvE1l2sXLatrM29gLG9vhvvRbERvbdY9iCu5sDckm/gfd7etC8cWB6THuFDXcgg9Vxt3G23bsaDAL+bRSX6Clv9Wsm/iTYgedDosPJcdSevSx8fDfy870Qxjsbg6ASLraVj1WFgR476tx5DveoEUct+6fWVtvqKplssQz5JGQyarE6u4XSO3xNMhpayNGDrrKkknTpBFhYne5N6ZDTR0FGiaIYRulR6UONEMIegfCnQJHLFSaWJ1KuyDqvY7vsLEb71CmxQut3jtbrF31XsT07+nj5Gp8pOo2IvZe5Ivu3lUPEpJbZY/mWt+VMIwLi5ipKs8KkbFQ8gINlYKd9ve+hBoDjFLi90IuxJRmYEfsjc97m5PoPPZkxKtquwTcdRuL2u1wLjfYJ9G9KWcyaQEheWRuRZwt7nva22+r5j6LLRFsDKkurfR/1SGm3hdGDHXp93bTqPiO+o0ps0hIKaSPG7nY3PbSNxax+dNnDGvUden3drFjvcX7/Ks62XDAxrk1dDXJqsoawpl7dIrJpLE9QG/wC4W8PMf3tXPAHpFdmJuQGAPkfHarUUMiPNqJCuvV+rGj3e5vf9obGhGIxQ3++S97fq207lQL73vvbuL3o1OkhGzr9G/wDtQ3GP74MigWNupiUOnu1za3faiKBMejMtwym6rY6TpJO5a172ItYX2pJzXDyb3ZL+iEb/ADY035lI12vJHa521SA2DAW97vv386Us2jdupHTSfVn6hs299xe/rVGXRbj2c+CYiMWCxB6XtZdNuk09Y7tSNwTGwxY1FT0uNgRvpN+5NPOOG1VY9F8mVtxj2NVnP3qzOMuxqs5u5q5FUjnRrJz2oLRjJ/ClyfUbHssHJ26ayvGUe7WVgo2lo4vFDTVaca4gFSPjTXjJjbvVd8Uyk3rtJnKcRRArZFYKwmlZEGcoaxFWHlUo0/Kq2y07in3JdxasT8mbY/UumI/dJ/Cn5CsDWHYD4dqrTOPtHnw8T9EDMraVBV11AaLdn/1eFFcLxk0liYod/LV2Ox8aveWK2ZVjk9DPmJDLawbcbEkAkduxG97UExMezXhUWHTd2fVdj3H7OxJ7nuQNqgYjiBCVvh4CRYqSLlT3FvKomL4lvduVFcdiQSb/ABvQ74f7D1SOGMjAFxFGpVtSAktYWHj+yfC/a1QsPizqs+gfAkm5tbY22715TNhOwLRxctkupC9SuGKspuSLf0NTYuSOo/hYfypJSVhjEOZHjFZhbffY9x286YTOKQ8pzMtNoU9Ot1Xt2VIiPxMlMBlPnTp0SKsNHECiGDa8anzANKnMPnSli/tDxODlML8soCVjLRn3QbAXUi/xplMkolqTN1dgdl7/ABbcfj+FanmA8fT5+VVdk32oSyamxEeHUltKgCQDQOx3c79RotPx3ELAxwHquOq1mB7jbv60XNLYihJhzNbMSQivYAe+6Ee+G3B2G6+F+o+Qss5vFcA8lbnUx62srm1rHxBAB7fzvpOMMOCSsMCkixKlQSL3sSF33qJjM/w/lGPHa3f+zSuaeg9ckQpHMbHlqmknV7xUkkAbix8u/wAKbOGMYpdlvvpv+IpFw+bwNqLqiDUV7DqA7Ht40x8OY5ZHblX0hdiRa+4qumvR166HgziuT4gUIaY+dczKfOh2FvWNmAPSDXUy2Y3It69/Ug/SqhbirEw4uWEYhwuoCNToZQPIagbUVm4yxEZIMwvsSCkRIPrYVZ2pbRS8TeixZcWm3UN9xuNwNr0FxMwfU8RgcAm7ML2NuxK+P8qrrK/tKxkkrRyGHSA2k8og7NYXs3lTCnF0p2blW9EO/wD3U0ssY7FjilLRKzW17hYbC3URdgBbXvb1P4XpNzXE6bhWhC3NgNrAkkXsbXtTRJnesdZTfyFqG4zEYc31kfUCqpzUtFkcbjsGcG4lfaxb91//AB9KdsbOLUgcM4xWxEoXexJjPgsdu1/E3o/jpzbvSR+HjLK5eirxjMCDVbTd6cuJJCb3pLkO9XRdlUkeaMZQbWoPRPLTQyaGx7LByiUWrKHZY5tWVgaNiHvGN0mq74kk3NPePl6TVd8QPcmuqmc+SAQNYTXgGsNFiIL5adxT5knYVX+WncU95LJsKxz+xsh9TeOw2GxfNSVJRLG5KNGQQ63QEEEHf5fMUKw3DbsfucdAukgFJHMLqT21K3b513glYYmbT21H80rtwzMwxOK9WjJ/6BT8vSlYwficjxgY2xMZVASzByy3HhcA0IXCYpm08wHe1xJt3+FWg0gJ6lU7HuoO/wBKB8TMogkIjQGx3CKCPwpVKx3B/wCyDheF8UkZV2jRHu6O06XVyNyBcGxsD8vU16wnDUiqWmx0SqB1iN2nIHi3QGG1SOB9sMlgO7m9hc3Y+NGc5nYwsCdiUUjzDMoP51elTopatWd8nwoUBgADHL7O5PvFuW7HsLdrfWjd6F5eto3bzxkhPxERH86m8yq8njHw/UkBqSYcxwkrz4fGYfmvzHELAkbBdW51C26+G+9OAeqwxeVNLiZHbUI+bMqsNvvAmo7+NgV29aEJVY2SN1YRk4ZwTAu87QAC6oRYjt3kbpPj3PzNCM84URGXTiAbguDbVcHe2pXI29BXLiGNxFeRgyiw1DUrb7bgkinXJZGCoGN+nxFj7vjbai8r42BY1dFby5F2IlUD1D2vfsNjfwovhuES662mjCg6bkugYm212TT4+Y70/pKvio+gpf4zlBkwtgBadD2A8RUhNyJOFHjLeG4Y06h7QwGoInNCFwTZTLHZRtve9jbvTFw+o060UIu6BQDtdIpAdRJJ2kHfyNSMRjLIe+wJ/CuWRtaEeravheDD7U+R3BiQjU0Eia83rwXrxqrFZsoSM5hwc0s3OleOZGK7AaSl9m9beIuDQ+PgqeZVfDSrIr9jq0k+pUXI+pr1mkoXFYoEDexF/ixP51OwEiyRqeWltKWAUEDpHnWuU+MU6MsYXJqwViOCcWqm2nWLD3yL779wDXn/AAnj7gPdB4sWYAet9NeOKFMZj5bMmpwllLKp3HdQbUUwuXnml3UA32svOQj4Mbr8gKWU/LGjD2jxDwNjSoLSqB4nmNYC/wDDvUqPhOFDIr4nmSCwKRH2gkE/saUsWHjuLUzRxLpUmNL+iKP5XodlWItjp/Plx2H+m5p4TFnj/ThlWXCFxaPllVIYElmfUVsWubKbHsAPWpWPbprc8uqd28gAfoP61Gx8m1U5fsW4l8RI4hbvSi1NWfN3pVNWw0VT2aollpobRDLjUnokNjjlnasrllj7VusLXpsQ0ZhP0mkLOXuTTPiMUSDqt+NL+Pija+5ufd7D5f2K6a8OfKSAccDMpYKSq+8wBIX4muZNNLwRx4flmYl2BJsA4SNt9ChexPixPp4UMiy+IgEs3VcLaw3HntSRndsEmonHL23FOmUy9qXcJgY9utu+k9IO/wCFHcEyL2JNvgN6qkrZbDNGgxh1kE5LQM6HSzGKNWYpYW94ab2G51X9K1gZUSSVsM4VpGuRLh1kZmXbZVkuoA9fDt3NLGLHMPU72uTsxWx2AtY9h5VHw2ARyyuXbcadyCCe5LG+qm4orWQsDGZu8YFsRg3LLe7Qsug291gJTZvTahq5g+KHJlbCaHBUmMcpviGZmC/MUuNkcY1BuZtvYPte4F+3lUefALApZQb7kFgklvkVtSpfv/B5T8LRy/IUw0CLFi8Mir5r7U+5vuwIHj5UTwseGdCJJll2IZdMcSMfDsuofI32qo8ugjmjVpE1nffaId/KO1Eo2WDS0KmMhl6leS9iwuAS3iNqvS99K3dWPeLzSNvuY43QFjKzcl4o5JLWNnfdjv4ADauAeh8Mzchz3AxTkXYm33dtIv4W+lc/bj+7+NUZYuy/C1xDCSUEhzEHXC0TMgmZwYWSYNq0Bi6HSQejtcn41ITGN+7+NVzi4QZXLBSOZIbMNQufWjiWyZn4hozzDQyXghlg6rFG5LLIDcHQyE7nuDUxs5hWw0xkgW28D8OYtvhSPPAtrgBfJgZLj0sWItRE5JC9iY2Fxc2c7+u96ZwVCqTsbJs4iQDUgGoBgyxg7H4zGxHwrxicImNOHkjG0Uqu33THmAW6W0sbD1tSyuQYfxjc22H3h2HkNq3iVWEpHGoVWYBgwDlh4jURcVIRVkm5UWlGYtJMow0agG45ZmYgd7FioB7dxtQ4Y2EqI4AQF6jdSoN0jUEEgX2jtsLbd96T40WEfdKV8d5JCAfPTqt+FGsPM4jDFdVy3UTvfRFcfUE//I0ci+DoEH81YV51ZzKFHHN/ln6isGOf/L29DvWPgzZyRFOZYcTzRTowDK0ZkjWKTpa5OpGXXcejEbdqg4/E4OElMLLHKto2WR4SgBNwyumoG/bdRYUtZ3Bqnlfa7FiR4jvWZbg4WUcyJSbe8C6km3jYitbSpJoxq+Tdh7PstWQRMZMP0kSjliRQ48LhvD4GvZxUkek6MIytuLSS6vmNW1LOcYdAECahZrG7s/T+6NV7VqDK4mO/N+TqfzSlcFXoyk/4OWGzpmsOVBt365zb6U1ZZkMNzi2951VDGQWWy3PSFfWL+beXaq2hymJRscQLixtIo1C97EBLEXAPyqbl2YOjtGHkCKBYKQrsT31sAL00FEWfIZs3xWFWRo8PpDkXkCbqLEdzvY/O9BsbNtUabGsX1G5AGlb9RA9Tbeo2JxoI7H6VXkVyLcbqPou523elumLMhqvQV8KfT6irY+Irlsj1MwPeuXszen1qThISKktAjsY8ufasqNhJrVlZnA08iec1w57l/rXg47C+TfWl0xisEYrf4Y+TGI47CnuprBmGGFrKdu3pS9yxWCMVOMRb/EMS5nhx2Hjq+ddf0zD4UsCMVnLFDhEl/iGU5xDYC3bf415XOYRewtfe9LgjFZyx5VOMQ3+DJ+nI99zv3rxLnMTCxuaXTGKzljyqcIk5fwYUzqNQFW4A8K0+eofE0vaBWhGKlIPNjO3FLaSms6S2sjza1r1HPEB8JG+tATEPKvKxjyqcUFTf8Dw4jf8AzG+tcv04PEA33Nx3JoMYx5VoxjyoKKI5sN/ppLWKrb4V0PEZ8x5C221LpjFa0CjxRObGH/EB/ernLnIaxJuRuPQ0BKCtaBQ4IPNjA+fX7sTXX/E8mkIJCACSB6kAfkBS1oFZyxU4onIYv8SP/mN9a9DiZ/32+tLfLFa5YpeEQ9jGBs7UkllBJ7k9zWlzxB2RR9aAcsVnLFHigcmHJs5RralBsbjvsawZ6B2FvnQPlitcsUOKDzYwf4jPmfrXFc8sxYHc9z50F5YrOWKnFE5sN/p47i533O9eGzoHvf60H5YrOWKHFB5sJPmEZ7r+JrmcRB+5+JqDyxWcsVOJOf4TDNB+5/3Gs9sjHZT/ANRqHyxWcseVTiTn+E6LHrfYH61lQ40F6yhxRObP/9k=', 35),
(85, 'data:image/jpeg;base64,/9j/4AAQSkZJRgABAQAAAQABAAD/2wCEAAkGBw8PDxUPDw8QEBAQDxAPDw8PFRAQDxAPFREWFhUVFRUYHighGBolGxUVITEhJSotLi4uFx81RDctNygtLisBCgoKDg0OFQ8PFSsdFRkrLS0tKy8rLS0tLSs3KysrNy0rKystLSstLS0tNys4LzgtLSstKystNy0uKysrLys0Lf/AABEIAOEA4QMBIgACEQEDEQH/xAAcAAEAAgMBAQEAAAAAAAAAAAAAAwQBAgUGCAf/xABMEAACAgEBBAMLCAcGAwkAAAABAgADEQQFEiExE0FRBgciMjNhcXKBkbEUI1J0obLB0RZCQ2Jzs9JTg5KTosIV4fEkREVUY4KEtMP/xAAWAQEBAQAAAAAAAAAAAAAAAAAAAQL/xAAaEQEBAQEBAQEAAAAAAAAAAAAAARECEmEx/9oADAMBAAIRAxEAPwD9xiIgIiICIiAiIgIiICIiAiIgIiICIiAiIgIiICIiAiIgIiICIiAia2WBQWYhVUEsxIAAHMk9Qnn17u9jn/xPRe26ofEwPRROJV3X7LfxdpaFvMNRRn70uVba0b+LqtO3q21H4GBfiQJrKjytrPoZT+MlVweRB9EDaIiAiIgIiICIiAiIgIiICIiAiIgIiICIiAiIgIiIHg++fq2esaQZFZQ3X44b4Gejr9UsCzeqBxDGcoKOwe4S33w/Lt9XH+6Rqk1ylarpqzzRD6VU/hM/8J0reNpqG9aus/ESdFlhFlRzh3MbOPPQaT/Ip/pmR3JbN5jQ6Yeda1U/ZOugkqLA5lXcroeqkr6ll6Y/wsJuO5TS/qtrF9TWa9f/ANZ2EEkEDi/oxX+rrNpp6uu1v4uZv+j1n6m1dqp/fpZ/MRp2RN1kxXFGxtaPE21tAeuuis+NM2XZ+1R4u2rD/F0ujf7oWdoTcRg4i0bbHLamkf19CV+7dJNNZt1bF379mWV7y74FOpqsKZ47p6RgDjPVOwJIsYOrERMqREQETDHAz2cZ85bb762177G6K9dLXvHdSmustu9W87hiT5xiB9HRPk7Wd2+12PHaWsHq2sn2LiRabu12uDw2nrfbdYw9xJgfW0T5l0XfP21SQflvSj6F9dLqfSQob7Z+/wDcXtttobPp1boEe1W31XJUMrshxnqJXPtgduIiAiIgIiIH5x3wvLt9XHwaSokh74fl3+rD4NLlay8pWUSSqsKJIomkZUSZBNAJKogbCSCaASRYGwE2AmBNhIMgTYCAJsIGVE3WaibLzhXUiImVIiIEeoPgN6rfCfINND2uRWj2HPKtWc59An19f4jeq3wnC2PWFGFAUZ4BcKOqWD5e1Wx9WMk6TVADJJNNwAxzySsr6LZ2osOK9PfYRxIrrscgefdBxPp3unCNVYjuOjaq5XAYb+6cBsAcckb3L7czy/elTS5vv09Tac2lN+u2sUMpVd0Ko5FeBfhkAvCPxDWaO2rBtqtq7Daj1/eAn0l3nznYmm/v/wD7Fk7G2RkDPEEHzjnJ+56tV04VVCgO+AoCjixJ4DzkxR04iJFIiICIiB+bd8Xy7/Vh8GnTrXhOV3yD8+/1b8HnYrHCXlKyonL0+1mbVmkoBSd+qq3PF9TUqtamOzdYgdeabewTpao2LW5qUPaEY1ox3VazHggnqGccZwn7ntRXp0FWqe2zTuNRUjpp0Wy8MWYFwuV395wTn9oZpHo7DuqW7FJ9wzMbLvN1FVxABtprtIHEAugbA983tQsjADiVYAeciczufv1CVU6e3Q317lNdT2mzSNWpSsDOFtLEEjHAdYgdHXavompXd3unvFJOcbvzVlm95/J4x55eAnJ2/Xb8xZVS95p1Qteus1K5ToLkyOkZV5uvXL2zdU9qkvp7tOQcBbjQWYY5joncY9JEKzodX0rWru7vQ39DnOd75quzPm8pjHmm+zdV01YsC7vh2pjOfEtZM+3dz7ZzdNZZpr9Rvae6xLr1vpspCuGBoqrKMMgqwas8T4OGXjzAv7C0r1adUsG65NljqCG3Gstawrkc8b2MjskFIbfbo3vOmfoKr76XsD1lgKdQ1L2bhx4IKM3A5x1E8J1NpasUVG0oz7pRQibu8zO6ooG8QObDmZ5irYLqgtZL2P8AxXV23abpbjVbprddcUbot/c8EPXbjHHdIwSZ3u6akvpXUK7Zeglat/pCi31s27u+FkKCeHHhAs6HVWWZ39NbRu4x0rUMHznOOjduWOvHOXFnL2IagGWoasDIJ+V/LCckY8E3knHDkv4zqCB1IiJlSImCw7RAj1Xk29RvgZ8h6vVWWuTbbZYTnJsZnz7zPrnVXoEbLr4rdY7J8i3UWAk9FZwOPEbPuxLBQurX6I9wmKK1J8Ue4Te/P0HHpUia0vj9VvcZRcW90xuO6dm4zJj3GfTXettd9j6Z7HZ3ZbCzuSzHFzgZJ58AB7J8w4ZuIV8DtUj/AKz6d71g3djaVTwPRuSDwIza5HD0ESVHrIiJFIiICIiB+Zd8s/Pv9V/B53kHAeicDvm+Wf6r+Dz0VfIeiXlKyBNwIAmwE0jKCblgCATxY7qjtOCcD2An2QokOtpqYK1xUJW+/wCHu7hO6yDezw/X94ELEjautVDl13XAKt1MCN7I82OOeyTdKuQu8uWVmUZGWVcZI7QN5feJQOnrSqoreKxXUKUtJQhkKqOvgSdxSD2jsyJnW7OpK179nRpSvRod5QCjbgZSzfSRCvbhjjBwRDF+u9G3d1lPSLvV4IO+uAcr2jBHvmRqqsK3SJu2AGs7ww4IBBU9fAjl2yjqtnU7lSvb0YqQVI2VQkEKGGT1lFZeHUx5cJIdLWnQp0ioaVVK1bALABV4DI4+CPygx0YmZiAmV5zEyIGdssSAgZlGN47pKk8eWROM1H7ze0gzsbWPhj1D94TnGWJVJ9N+8fcv5Su+n/ePuT8p0XEgcSo5ttRA8dvcv5Sq+99M+5fynStXhKDrIqDH732L+U2SnPX/AKU/KbBJYqWBmrSA9f8ApT8per2ePpf6V/KNOk6FYgQV6Ijk5Hsx8JYTSv8A2zj0NYPg0mQSZRIIkof+1s/x2/1S1pHdHVS7OHbd8I5wd0tnJ49UCY/aVfxD/KeKrqRETKvzHvneWf6r/XPS1jgPRPNd87yzfVf656hOQ9AliUAmyiYm6CaRsBItbQXUboGVcMMs9Z5EcHXip49h6x1ycTYCRZcuqY0TlKgX3WrcuzIFzxrsXAyuP1xxxx48jJDpCnR9EFIpRq1RywXdIUA72CcgLjlyYy2JuJMa91zb9mM1NdS2bprrKBhwyeiKDh9Hjy7OuXn0+TWRgCticebo2QAf4h7pMJtGHqsTE2mMSssTIiBAxtUeGPUP3hKBE6G0/HHqH7wnE2ybvk7jTjNzAJWeGEZyF6Q5IyFBLY693Es/Ev65uz9rPbqHrZVFTiw6RgGDWCl+jv3s8PGKlcc1OfPOmwnB1WxdTTXSabhb8jepqqRWtZepV6N03t7ma2fGeG8FnfbnKji7E1jajR0ahwoe7T1WsFyFDOgJwCSccZU27qmo011yAFqqLrVDZKlkQsM46siQ9z2ovp0un01mh1StXTTTZZnSmpWVQpbItzu9fAZ80l7o9O9uk1FdY3ns019aLwG8zVsAMnzyKsVnhnzSPWatqmoChT02pWlt7OQpqsbI488oPtlTRbRsd1RtFqqgedlnybcXA6920nzcB1yba9FjLXZUhsajUJf0QKq1ihWRgpbhvYckZIyRjIgdTU6tqnoVQpF2oFL72chehsfK4PPKD7Zd23rH0+kuvrCl6qndA4JTeA4bwBBI9onGVrNTfRu0W110XG+yy4KmcU2ItaDOSSbM5xgBTxyZ1e6TSPfob6a133sodFTgN4sMY48IAarWae6mvUvprV1FzUL0NVunsRhTZYGw9r74+bIPLGc8Zd29r7NPSr1bm++p0unBtDFF6bUJUWIBBON/OMjlObp9hV6baC6jT6asV20PRaUVFNDqd9HXsDgsrY5la+wkW+63RtfplQUm8DV6K2ykBDv1V6qt7BhyAfBU8DzkV0tn/KOPTWUOOG70COmD17287Z6pa/a1fxG/lPOZsGupN9adAdEuQzfN6epbG5ZxUxyQB1zp/tav4jfynijqRETKvzDvn+Wb6r/XPUpyHoE8v3z/AC7fVf656moeCPQPhLErYTdRNQJIomkZE2AgTYCQZE2EwJuIVkTMCZEBMTaMQjWJmJFY2n449Q/GUGl/aXjj1D8ZRaaiVC0ieTNIWEqK1v8AylGwjicjAzk9QxzzLG1NL0te4Du/OUvkcDhLkc4PUcLOU2zCKDUGyena4F8kMPlHS7jdeCPBPpPORU6OpG8GUqRkMCCpHbmWavtnJfZZem+p90fKS5ZFJ6NA1aoVBwDx3d4nA4sZPsfZz1WvbZZ0julVe9xB3Kms3PbhgT+8W6sQO7piO0ceXn9EuU2qSVDKWHNQQWHpHVPNbA2G9DVFrAy0VGqtRveCHUGznzy44diqo7Z2tmaNq7LGO7uu7OpDMTxbON3dwOfacwOqkmWRJJlkG4mv7Sr12/lPNxNT5Sr12/lPIrpRESK/Me+d5dvqo/3z1VPij1R8J5bvneXb6qPi89Vpx4C+qPhLErcSQCagTcSoyJsJgTSrU1sWVbEZq/KKrKSnrAHwfbCpxNhIE1NZ3MWIelGasMp6Qbu9lOPhcOPDqmadZS9j0pbW1tQU21KymysMMrvKOK5HLMCxiZlOnaumcBkvrdTcdOCrBh04zmvh+twPCRabb2ksvOmruV7g7o1ahzh0zvAnGARg9cDpRIdFq6761uqYPXYN5HGQGHbxk0DETMYkGm0vHHqH4yk0u7R8ceofvCUmliVE0iaStImmkUdoqTUwBYHhxTi2MjPDIJGOYByRnHGccpZ8muChg27aKsdIhY9FwKqx3q/CyMZ5jPXPQPKriZsb57yY5fQWpVbun5xgxqUMzhG3MABn58Rnjw4yXZq/OHcFor3FB6bpQTZk8uk48uZ5Hh55cxJEEYvu5fqrsGq1XJs38GvI3jYwZjYee8SFZQBwGMh/Nw6mzNOUe0npMG0BN97XG50VfihiQBvb/LzzagS3XGJe7d+rCSZZCknWGW4mCPnK/Xf+W02WanytfrP9wyK6EREivzPvneXP1UfF56rT+Ivqr8J5Xvn+WP1UfF56rS+TX1F+AliVLNxNJuJUVtq022aa6uh+juei1KbPoWshCN7CQZ5vuf0lQ3Eq2O+ksq0ltdl7rTXuuVAKK6km/eYZ3uXXnJxPXibiFeG7nu5/WacbOstt1F40+mcW6ZxplXTN8i3QiFVBJ3vAGSfxmdibC2pRqadbZ8mdrbLvltVQZbxXqWDnfsZ9xxSy1gAAHdU4zme6E2EDwuh7kdRVZprq92v/ALY920KCVxYFtuam5SOHSBXCntBH0Zf7n9k6zT62x3RjTZq9XbvfK36IV22M6kaXc3d7xQfC6yfNPWTIkHn+5DS67T0pptTVplrpq3Fspustd2B4ZQ1KFGM/rHqnoJmIGIPL2TYLmZdMA+g/CBDtHxx6h+8JSaXto+OPUP3hKLTUSomkbSVpE0qImErsJYaQvAjxJEE0xJEkE9Ut1ytUJargTpJlkKSdZFSLNSPna/7z7s3WanytfosP2CSqvRESK/M++f5c/VR8bJ6nSeTT1F+Anl++d5f/AOKPvPPT6LySfw0+6JYlTzcTSbiVG4mwlPX0NZXuq5Q7yneHYGBI9siXQ2By4v4kqwVlLVrugquF3hw3Sc8eJwerBK6YmGsUcSwA7SQBKDbOHzeW8kqKGIBfwCDkN+rnd48OIzyjT6KqqpaS43UZGUsVByjKw5+ge+BfW5PpLwbdPEcG7PT5pq2rrHA2ICGCkZGQx5D0+aUl0NIwOkOfBCeEgYBCd0Lw44JPPJ7czZDp0yekB3mFhJIJJDeNw58cwLdWrrc7qtknPIN1Eg54cOII9hk8p0rSbN5eLjfBwW+mxbI5eMze/wBEuZkG0WE4PoPwmUsxw5iLcbpI+ieHsgQ7S8dfUb7yyk0ubU8ovqP95ZSaaiVoZE0kM0aVERkLycyF4EckWaATdZBYplquVapbrhYnSTLIUkyyKlE0/bV+rb/sm4mg8tX/AA7fjXJRfiIkV+Z99A/Pj6qPvPPUaDyNf8NPuicjvq7OLacapBnoga7f4beKfYx/1TpaNiNOhAyRShx2+AJYlW5uJz69VYRnoz4pOMEcd7HPjw5+7z8LdFhKgsN08eHZx4fZKiSxd5SMlSRwYcweoiVV2av6z2N42N5uRIAyMDsAHH8ZazNgYVVGzKueCSQRnI6xjljA90kXZ1WCN0ne55Zzk8OPE/ur7hJwZnegaLpawd7dGQSQTkkEnPDPLj2dp7ZsNNXx8BePPIBzxzxz6THSDtmDevbAmRFXxVUeqAPhNt4Sr8qWam4ngFY+gMYFnp17eQz1+b8x75k2AqSOxh1jlkGUF055Cp/c47PyElqou4KK2C8skjAHtMC3tXyieo/3klFpe2r46+o/3klEyxK0M0YSQyNpURtIHk5kD85BgTdZoJIsCaqW65VqMs1wqwkmSQJJ0kVKJoPL1/w7vvVzcTVfLJ/CtH+quSi9ERIqDW6VLqnpsGUsRkcdqsMGcyjZVqKqAoQiqoYlgSAMZIxwnaiByhs2zrdB7GP4ibrs1uuwexT/AFTpRLoojZo63b2BR+E2Gzl+k59oHwEuRIKo2fX2E/8Aub85kaGr6A9pJ+MsxAhGkr/s09wm60qOSqPQBN4gMREQEREDm7XOCpPY49uVOPsMobwndvoSxSjqGU81YZBnL/RnR/2RHosuH+6WVMVCZG06H6NaT6Fg9Ft/9U1Pczpv/WHott/OX0mOaZEROr+jGn+nf/mvH6M0fTv/AM1o0xygJuBOl+jFH09R/mvH6Maf6V/+bZ+caYp1Swhkn6LaXr6Y/wB7b+cx+iei663Pptu/qjVwFqjmwHpImfl9I521j0sogdyWg/8ALg+l7T/ukidzGgH/AHWr2gt8ZNMQvt3SLz1FX+JTJ9mayvUOLKm30RHUuAd3eJQ4BPPxTLFWxtIni6agecV159+JcRABgAADkBwAhW0REgREQEREBERAREQEREBERAREQEREBERAREQEREBERAREQEREBERAREQEREBERAREQEREBERAREQEREBERAREQEREBERAREQEREBERA//2Q==', 34);
INSERT INTO `pic_per` (`id`, `picture`, `per_id`) VALUES
(86, 'data:image/jpeg;base64,/9j/4AAQSkZJRgABAQAAAQABAAD/2wCEAAoHCBQVFBcUFRUXGBcZGhoZGRoZGSAZGRkZGhoaGBcaGRcdICwlHiEpIBkaJTYlKS0vMzM0GiM6PjgyPiwyMy8BCwsLDw4PHhISHTQpIio1MjIyMjIyNDcyMjIvNjMyMjIyMjIyNDUyMjIyOjIyMjIvMjIyMjIyMjIyMjIyMjIyMv/AABEIAOEA4QMBIgACEQEDEQH/xAAcAAABBQEBAQAAAAAAAAAAAAAAAgMEBQYHAQj/xABNEAABAgQDAwYLBAcHAQkAAAABAhEAAyExBBJBEzJRBSJCYXGBBgcUIzNDkaGxwfBScrLRRGJzgpLh8SQ0U1Sis8K0FRZjg5OjxNLi/8QAGgEBAAMBAQEAAAAAAAAAAAAAAAECAwQFBv/EADIRAAIBAgQDBAoCAwAAAAAAAAABAgMREiExMgRBUWGBsfATIiMzcZGhwdHhBRQVNPH/2gAMAwEAAhEDEQA/AOzQQQQAQQQQB5BGd8KPCQYMS+YFlbs68gDFIPRJO9w0jJ4jw8xK3EtKUjnNkllSqCnPWcv+mMp1owyZeNOUtDp0EcYxvhBi1h1zlAUfNN2YYoJqmVlDdsW6+WJqZjeVLHPk0VLXlZSVOAoFiC1TZ+F45p8Yo5pGkaDfM6hBHLJPhTiglJ8plHmSzV0nnTSkllg9Gl66GJUvwvxgFpS6LstPRmhA0FMpvcG4h/ehzTJfDS6o6TBGJw3hbPLZ5SRz1paoLJJY0URYRLHhYdZQPYv/APMR/kOH0bsR/XqdDVwRmk+F0rpIWOzKfiRDqfC3Dalae1B+TxtHi6EtJIo6M1yNBBFJL8KMIpmmivFKxw4p/WHtiSjlvDG0+U/AzEg66E/qn2GNVVg9GirjJaos4IYl4lCt1aFdigfhD8aFQggggAggggAggggAggggAggggAggggAggggAggggDAeMx3w7ZvWbqQo3l6m0YNaT0gbr9JNCRbgmN14z2fDPl9ZvLKReXoLxg0FL0MoF17ssrNuMefxG9nXS2oELSCGMoF0bqDMO4bxpCV56eUjnyKgJUg80uwuwDPqzXjOFastDNNEbktKeiq2an1wjQolOukvp4cumeyjzVVKTbqFjWxjiq6G0dSIqacozTF7kv0kgH15uQL+4agRGmrQQrnYc0mb0paa+UB9eOl3qCYmCWsJHNxI5iN2aF/pBJFT7TcCgeETlLY1xIpNvLQr16e52toRwMZr79n4NCTgEpAGXZgbab6NRKbquTY60+UTFqHGty1W+rRDw61HUnzs2qpeQ3VpR7X+UTkyKOeo6U7rCvwjgrbi6IqkKVx+cIEkDr+q/P6MT1J+hcmG1dbP2X6/5t/PMkzONQl0Ps3yK3gt96Vqm499ojul6KR+7iFD/ADGhH1U6RZYgL5jZ2yK3VpA3pVwqr39+rQwpC3qJ19US1a4jUd3u4mPVpv2ev1MXqL5IfymRvkbaVaahY9LhjVw+unWdRHcI4lyXLPlMh0n00rew4HrsL0gafLsTHT/Cjl44NCFCWJhWopYryMwd3yl49PhGlC5yV03JIvoI53N8YkxKFL8nTzUlTbQ6B2fLGZPjwX/kk/8ArH/6R0wqKejMZQcdTtUEcr5I8a0yehShhEpylm2pOj/Yi85C8O1T5yJKsOE5y2YTczfulA+MR6SOLDfMnBK1zcwQQRoUCCCCACCCCACCCCACCCCACCCCAMB4zXfDNm9ZZAV/h8bRhwFkj028r7KdI23jQZ8O+X1l1FOsrheMGkIf1W+bzFHSPO4heuzrpbUC0EpqhZ5qN6cx1HR1+rxcugrFcL6TD0UFBT5VXI6R46VdxFAooyV8m3UXBI3iA7xpBMVnA2i2zyA2wzJbKaBTVHE+ysclW9vP7No6lcESsgYYU+bRuzCmnlBsPsvpZR4WhRlhlMhFp1sUR69Lu4t16WNIVtuaHW/MRvYYv/eD1X0HC6nhC1oY86S7Tb4dd/KEvb3jjWsV/PaXLjCIZnCh56bvTNpRl6vSmnCJGMxiZZQ4POVlBDUucxFyKtR9Ij8n5SBlyHz870aSkUzkgg3PuvDfKnJK5k5EzaJZKQEIKMyc+bNnCswq6QBTohmvHDaDq2m7LPqWemRLVipZXs8yc7AtQFzbWv11QhGIQrdUDQKGUg81VUnsMNjAzAwBlZcxIGS4UTQiuhDEWyi4pCpOHWkqJyAEOMicrku6jrwHd3xWUadsmSrlNjkJ5mYI3DvSlL6UnpJ0+F9IiBCMxpKv/hzEG+K09vv0IiwxZqirebPr9n0pHR+f5xHBU9192JSR+laH4dg6Md9Nv0f/AAzep7ySUeUyGMv0smy5gPpcJZJodL9Q4x0zwz5PlzcMpa1FOyClpqACpmCS/EsO2OecmqX5RIqttrK9dLUPS4W9HPdd+KhHR/Dj+4zuxH+4iPR4XOm7nLW3o5WFSVIKSLgg86hDdkYxMlSt3DYRjZ5yXP8A7wi8Sqh7DHP4tw0c5Cs7WOgciBCZas0pKFZjmEtaiHAAd8yvjG18AMBLmYnOHTsxnAzPmL5ddKxzrwU9Ar9ofwpjpPiw/vK/2Svxy4iK9s0TL3Z1KCCCO05QggggAggggAggggAggggAggggDn/jOd8O2b1lkBesvjaMMlanvM3/APCHDsja+NEh8O+X1l1lGsuzXjDpFaAHni07848/iNzOultQLmqCN+YOaPUg+s7I0CZa84ITiPSSKpmJy0QbJeg6tdQ1Yz6kKy0RMt0ZoNpqeJi4EtG0qnDvtJG9NIU+zJS40VwGlb2jkqaM2WoIkryppi9yX00H15+Wug3YUoTGNMXaZrL/AMwlhQ8LEaWrEaVLl5E83Dbkq09WuIJpWz/xHhaPVolMXGGqJnr1GisUl+0E6cWFIyt2c+n7Ll5g83NzbR9tObOEhV1Nly0bhx7zE8ila6f06v6xW8nhIHNyemnvkWVh3UC5Ub9VGtpFqNPc1vb/AEHbHm1l6788yWxC0H6+fwhlct/gX93ziQR1Prdm4dkJUkXGbvYinvpSM0SpGcxKFEooo8w7skTBvSLKPfQ9fCIi5ZfdV34UfZxWoPZXs1UYlY7I6Mxlvk6S5iDv4cbqaEW9w1iCtSHvJ19bN+zizbXWutToI9akn6PTwKSeZM5PknyiScp9NKvhkj12H6QNLGujE6COneE+BXPwsyVLbOrKzlhRaVGvYDHMOTko8pktsvTSrGa/ppFnpoL0twMdkj0+CXs38Tkr7kfO0+WJa1y1LlFSSUlp0uhBYjnTBrGYPIf/AIqO4FQ9qXEbXllCPKpqUy0pQJiglIUoMAogWI4RmZ3KGDC1hcpWYKUCyEFLgkPUvGtOyk1EipdpNk3kjDCVLKVTZVVFQ84lNwBULIL0jqHiz5LmJUcQchlrlqSkpWlbnOk9En7JjmeCmIXLSpElASX4p1INBTSO0+L6ShOCQUICCoqzVJzKBy5q2oBSIpqLqN8xNtQSNTBBBHSYBBBBABBBBABBBBABBBBABBBBAHPPGeTmkNmsvdSFaouDGGKg/OKd8b8kjTiI2njSI2mHfLZe8op6SLERjUBT02m+NyaFj2GPOr72ddPaiPN2ZQaYc0NyUWmJbjXq4xokzU7Rs6KTZIbydSj6I0zNU8TbgxrFFOWrIXUsc1XpJOa0xOqfj36Ro059pTyptrLtkCaSTZ+j13NAaRy1X6rv5+aNY6kORNBQjzidyR+inWeeNuA4dKtYcKjlPPV07YTU4oCyuloXpqdIXh5UzKimL3cNeYgetJJPzGgtSsC5S8u7Osb4oJp5UOtmHHQUq8Y5X7+w0LPAOQKknaz2eXs25yujq3E3Z4tANBw7CLtx0aKzk5JZLgg7SfvTNofSUObQdWgi1IbXh77+4Wjz6u59/j2EMaUO/XWtW1SOuPNmTUAHv4dXGHUpt1U9nX25vdDUxIJqA9dOALD3PGXYEUM/OyMu1A2Y3FICd/D6qqKP3Pq0RZql1rOsbzZQ6GK+bd4GgMP41KHlkiX6NFVSVrI52FO8Ob7bUOhio8vR9iUWcOJaQ456RQuwyrUG4K1j2uGoyqRyS+RSpUUNS4wCj5TKBUr00uhxCT66V0QK9nd0o6vNmJSkqUQEgOSaAAXJjh+J8KDK9GmUFhiDs0lQJPNyJAzKWVJoAwDOSKPnsf4dcozEqRMxJUk0WgS5ZRQ1BdB+Merw9F0otM46k8buWuOxSNtMmKUEhS1KGaly8Y7EckzFrUpK5DKUoh8TISSCS1FTAR3xHM9V88zuJHwiSjGLyHzs7M4AG0UkAalmLgAaKG8KUreFPDJtPUSniSReclTEIlIllaCsO4StK7qJukkG+kdn8XWJSrCZAaoWpxqxZQLcKn2GPnVE6YLTJn8ah8DFpyb4Q4qQDspy5ZPSSSVG1DmKqUiI0sMnLqJTxKx9SQR80jw55SH6bO/hSf8AjFhyb4yOUpawoz9snWXMlpAV1BSUhQPf3GNTM+hoIqPBrluXjMMjES3AU4Uk3QtJZaT2EX1DHWLeACCCCACCCCACCCCACCCCAOc+M4nPIbPuqfKEq6SbpN+6MMcr12b5+kgyzbiI2fjSI2sh8m6d5xdWiha0Y9BVptGz6ETU+w1aPPr72ddPahM1KtmrKmY2SZ6OaFJ3kmoUbfJ+qL9ctO1Lol+mSXViFaSSxyi33dC5DxnJiUqSQ0onLM+1KXcaa9f8y1+JqNrRUl9ud2Qpas3k/H7Te0cDHLUTw/Pqax1GcNLltLphLYQVmqWd9SgH43IOvtEeoVLCRXCCiLS1m+L5rNathxqKPD2DWWRlWtsuE3MKwbMo9Ibv4e2HpSpjJrizSX0EIviDe1xqztUMXEZSeevNc/yixYck5SlDZGz4jclmWl9oAXSa61MW5D9RDEP2G/8AFFVydmAl5toC+IPnClSvSJaqKZeEWgag+vbr821jzau99/iSz0kWsPZ74aWng3d1HX4d3XR0l2Dez6t/KErBFxf49XdGWhC1Mly1MaSOc3mE0M8oucN6oXvbrbpRkSY2HK4VsXAmNsEVEtBT+j3mGuht+twEY5ZpH0/8d7rvOXidxQY6YTNmKcunKAxIIo9CLbohnyhcznKUVKtXQCwAsABQAUGkLxO9M7E/hVEDCqZTaH6Ed1zJLQmRofBfwZVjROylSVS0pyMglClrzgBawDkAKQSeD9ooGjdeDHhjhsJhUyPJ5pUZmeatKkDaOGIIPRoE5TQgPckRScmllqThM7yX4PTZ8tS0kJbLkSopCphUgLIQCoEslctRYGi6AkZS5I8GJhI2kyRLAKjMzTpbolpCGmMlSioLKilOUFyngXE+TyzgsssTMNNmmQjLJ2kwqDBRUlC0BksXqWIDNlUKGLJ5ZwqCky+T5Yy1GactdXpvJ7e3jxjEMJRYiTkWtLg5VKS4scpIcdRaGJiWLRKxK8ylrZsxUprtmJLP1PEafvReLuJxsjtviSJ8lxA02yVfvKkyio99I6XHNfEmP7JP/bJ/2JMdKixmEEEEAEEEEAEEEEAEEEEAc08ZhO3lNn9H0SD0lXQb2jFJbN0Hz9cpf5E/XCNh40G28t8tJad4Ft9Y3xaMiomr5gnMDzhtZf8AEKj66o86t7xnXT2oUp2CVFQ3mEyXn1DZVp939Xv5a1lf6URtF2ShCW8nDB1NzeB0NC94o8OkuMoIGZTmUsKRcUUhVvlpo9mEAKdSEDzk0vMxJ/y4rlDizumrCoDRzVLW+fQ1jqSMPKmcx0zv0TfxARVlXAO9o3S9hiPKTLZGZMkFpA52JWsv5Qo0bVx+8b2gwglpUhjhBzsMOalUw+jUQHfha7C9CGcwK+ajIqmXC+jwjBtqo9Lo07u1oyd1fu6liy5Iy5JeTZt/aD5t8npJZ11rXQ9kXXY5pxahL37Mvsiq5NUppRXtHyz6zEpSr0kpiyaNq/0LUNrxHbr8hHnVX6z7/FhiV/HW4hDAf0r3/T9cOAP10F6u1Nex4bUpqAlifda9/oxmEZPlnJs/V5thLvnK7YfhzRYV7OBjITzQ9kbPloq2JDrbYy6bVKU2kv5tsx+vtRi8Rbuj6X+P913nLxO5FHiRzpn7v4VRVgRcTkVmH7v4VxWhEdeLNkwp3SJsuoB4xIRhZhD7NbXfIptwzLt9gFf3QTasR8CLp7x841srl9sInDGW5EuajO43l+blr/ckqmy/3xGcp2LODRSI5JnFK1iVMyy985SMvNzF34JIUeAIJpHqeSpxbzaqyjOFqygFEzBWoZKuulouDy06JqTKczEkAlaSEqMhEgqyqlqLujOChSC7AlQAiSjwgmBUtSZctOySUSxWksoRLCV/bYS01prxjOVSxKg+hmMbgly+bMSUkoSsAs+VaAtBoaOkgsajVjEHEpaYY0XLWKXPUuYsJCikhkuzByBUni3YBFTyjhSF5tCcvW9YtSqJsrUg8J2LxKj+xzv24/2JEdHjnXiW/uU79v8A/Hw8dFjqOUIIIIAIIIIAIIIIAIIIIA5h4yyfKUAZvQjdIJ313QbiMam6ikVZJOzORdDV5ZofrqjYeMtvK5bt6EbwIG8uyxumMgoOAFfZIAmdX2ZqY8+tvZ109qHEAFfQUoL65UwOl6gUV2ajuizRMQCWVJHPnejkqmFxKHSFz1i9qFwa0q5yAos60sJiQuuQkbOaNeBMW5Us5q4lQfE7qESxRIAZ2LaB/wAjHLU0Xn7WNY6j+GXMzIZWIIzyRzJSJYpJUTUgU1Oj0s4huQhbS8wm2wvpMQEV2i+inpWoaGgGhhASyxnSKTJVZmJJtIUxYXD8dXLUq1gTLGQDycUwu5LXNPTbncOCj8xGPLLs85Ghc8kkZZOUI9HPPMWZiX2ko0Wakv7TVuFutVtfg7H3VaKjktXMkOSXlzbo2buuUdzTq99YtAo0PG/5iPOrb33+LJaF2YfHqDN1/nDUzj1gue2v59/G/qiNK9j9ooPlCVKrV34kVaMkwlmZflpPmlU9TKciS+kq83u0t7IyWJRTuEanlladmQ6H2UtgZis3QtLHNFtb90UM+S4HYn4CPpOBlhpZ9fsc1aGKZSmTSYeOX4LiMnCRoUYTmq68vvz/AJQtOC4RnPiUpM6qdPIoJOGykH664shh4meRtcQ8iTTsjGfEXLOCICcPWHUyIs5eHpDycNHPLiCcBTzcPzVfdUf9JhvlyQAENrNY/wCr840C8JzS9ilQPZlLxT8p4JSESkrLqM1cwm286raXjfhqylJZ+bGVWOVjo3iZDYKb+3H/AE2GjoMYLxRIy4SZ1zh/0+HHyjex7id1c8ySs7HsEEESQEEEEAEEEEAEEEEAcr8ZMxsZLFX2KbVpnW7oNx2VjJy7UoOeDkGZH78o1Hd+UajxnS3xcs0pLSz82uZe6sWPbGUrmapVmVfmTWy6Gyx9GPOrb2ddPaiRhASpGVwCqX6M5kF0GhSQ6O784nT0jn50J/SvSz+IAqA4DjtZPUaQOT+dNlhgTmlOay1ihfaJpmESVZRmyqkpOXFEbOWqaWzB66jizVpoRHNPVfvoaolypiAsBJlAiYn0clS1OMNxNle9uu7uDUs5P7wR/Z6siUncWTS4609Y0NEZJhW39oIC1fZlpbyexsSOsWNHoIZlSkujNsgXkb8xU1folkUFzUtoxJOojF2a7l55M0Rb8mKaXIeh2a7zNoqqkO67E0r3xabQXf20B+vrrp+S5QMuSxSxlDcSUJYlO6k1A/lFj5OGOutdaVbvca2jzau5/F+LLDipwB3v6cX+u/VBnDj8PaCLwmZhha30x7eENLwyWtxq9h1Bu6KWRdJFJymtWzIG0y7OWKZEo6/1lWD9zaxDmyLdifgIex+HS5YJfZy7S1KVvLus81PyrxESsRK5r65fkPyj2IVMFHz0MsN5kOXh+Ye1HwmR6mTFnhpXMHWlJ9yvzhGyaPLnVuze9iIJMLTg0va/s6olplxJk4d2eMnVaIciFLwj2FIeGGa0WhRDJRGXpJSIxFdOTzVfdV+ExX+EUp1Sxw2p/hSPzi7nyeav7qvwmKTlBKlYqYDupSoJ7VSwVU7xHXwzs79L/grudjd+LOXlwq/2p/25Q+UbIRmPAJDYdX3z+BEaePqqEr04vsPLqq02ewQQRsUCCCCACCCCACCCCAOYeMEPiv8AykO1aOq6NR2WjLbIa5cubXnSzzTZV0HttGr8P/70f2aGq1eduq0PUaGM4kc4kO+YOUhl7vrJfSHWI86vvZ2U9qEYSWBMlBTDnSmEwZmvuL6XYa90TVKWUKZU9ToxG4hMoPtALqqCOu/sdrk0MuUzgEyvRjMgsTZPQPu748xKOYorTTZz6z51KzAGKUUbgR/TjnuRtEenpQFqzplg7SYfOTDMNMOASEW1qLe2isOsunIpW9K9FJyD0CjvrFO00sOMeIU61pQoA55vopT1EkXWoM/A6nvES5mGcuoKcFJ87NygNJIDoSXvTnVeukZ2bXd51/Je5J5PfJLCs77JD5yCqr7xFHiYo27T8A/xiDyXJ5ksAJDSpbBD5brol6+2HFpmmZRstwQLlrV0t/BHBKDlNrTUvdWJT8bszfXW/thnEUB7Pk476++Ihwi1KZa25y6Oo0UnKASf3iwAHOHCJkuSlEsipoTXiA1TwYe+JVKPXMXsU/KA5+UnoywM01qvMPNlpvbX5RLmyrp/VT+R9xhjELJmMMzebBaWlIqqa+aYqqtKJrQcYtFo843FA+vrhG9aVqdl0uQtwxIQQUo/UfvBA/5GH9nCko84P2Svxp/KJJRHmtXs+wSlmRRLhxCGh0Ij0iKYbFcQ20eKRDuWFARaKsVciNMl81X3VfAxVYmQ82cev/gkRfLRQjiG9tIrEh5k+hob6O6RT+ExriwxbNKbzNf4GpbDn75/CmNAIpfBcNI/e/4pi6EfW8I70IvsR5lbe/iewQQR0mYQQQQAQQQQAQQQQBzHw7P9qX+zQ+oau8nUdYtGdAqB+snKCeo+imf8TG08MOTDMnlaDzsqQztxYpVoeo0MY6ZLKSQoNzk5nHNP30dHtFOBjz66eJnZSawi8CHmJLEnmuQQhVCaTE0/iHfDOZASWMpJ2c3cSZy6za1Ol3B6+uHcIOch8tAKLNhmNl9NPUaiEJWVS2SqYoGWv0aBLS+1HSNj2Pbsfiqarz+jaJJnKXmUoiYoAzt9YlII2YDACrd1GJ0q8ccgFkZArN6tJmEESHoprtbu74GKygrcSwfPvnUZq9xN0i2jjsHCFlSiT6UjMrhKR6AcKkdY+QjNOy7vPYXtckT+W0SEo2ilgqlS2BRzyxUC4HNSzjWIUzwtzDNLlnKKZpisrWYskK95FoicscmrnGTs5algSkjmLGUEqds6ixDcIV/3LnTOcvJKS4qVKWpgGZ1lI66H4CL0qVKSxS16fpFZSaIuI8J5hcmalJBPo0i1xzznvThrwil5RVNOZS1zGAJaarrOUBLmoKbUtaNhI8EMHL9JMXN6g7f6cv4jFzJwsiS5l4dCVcVNmNW0DnvVHXCKjsj9jNzXNlTiFjbv5vMDLNSpagy5vRFEdvaItMTjKomJul0kFwOa6yTSoZR/hMTuVcOEJmKEs01drbQ0Av38YqUTpYUqXMOVhmzOGqkMz69R4xxTpZLK+X0Jc7s0GGlBQRMdypISLsxUpRLteiadsTDhjpFbhkFUiVs5g30kKKaFLrpkBDUizRLmABlpV2pIPeQpn7gI810ryshi6jJlnhHmxPAw9MMwneQNN0q/5DqhJQv/ABCPugD8QVGbpSvqhiQjydXCFIwqvowhckm6lnvKdB9hoR5KAnnZiBU5lrUKfeUe2LRp55shyHpqQgOogMpN9WUCpuJZ6RQycyBNUsl1Z5hB0SSrIAOwe0mJonySTLkGWVkV2eU5ARlzzMtgK3uQwhOPQDtCElRIRKSNCp1Ev1ATASeoxpVpqMLPs8S1OV2bHwcDSf3j8BFrFdyHLyym/WV8W+IMWMfTcF/rw+COGrvfxFQQQR1FAggggAggggAggggDN8uJ85pZNDbXWKbFYJMwAKFQ+U2UK9FWo6i4jQcsJ84OwXDjWK8y6dTWNU30OkYVI3ZtB2Rk1clrlLDVSLMnMzOdy6D7UnqiCMBNmI9HMU8tQJnLyj0r1QnqrpoOzepRUA8RQ/JXCEJRSh6J3E/rcT8o5JUIt3No1GjLo8H5pzOtMsEzR5tAFFAMcytR2FzEuXyBJzOt5hzA84mZUysqg1rdsXy5dS4F176n6PCPUprQk1G6GG5x4eyIVJR0QdST5lZPTskS0odAyaABWlzprESZJzV67kkn2u0Xy8ElYTmcZUijvd7nuh5GBlpsgd9fjGkXGCtYo8zNS8IDZ1dgf4U98ODkqYa5QkCtTUgVtWsaQrTx+hWAnMgniD8xUQdSXQWRW4mQCpTpTUneU5PNmbqdLxQ8pcgIU6Vgg9GaKi1ApPbpe/VGomo55bICVaVUaK10h0zEpooOCA54cQ0Q6bccnZ8iJS6mc5MkTJcuXLKkkSgKJBzE5l1BdsoQQWZ+uLhEwEP9d8I5Q5Fkzpa01SgsSAHDoIWOYaEAhLix4RE/7DWEFOdKQzUKh7np7Y8ivw1W97Xd+VjWMo21FT+WMOglKp0pKhQpM1AUDwKXeIavCfCgttHP6qFkfxZW98NL8FZGUpGQPqgHMOLZ8wsTprFmnkuSkMVvpZn7wIsuDbSdn3u32IxrqVqvCiX0ZU9Ta5AB3kq+URcd4QzFImJThlFJSpKiZollKVBlHnI0Dm+kaKXgJTMlClBm1UGHVDwwFDllIHEmgbrAYxtDg7O7S+pVzRmP+2cXMy5JcuQgGqQDNUTolOUBOU2KmOrcYvOSsGsrYAIlkAjM6SFlSiogK3ndJHWDxi1l8nLSRWWHvQv1kU9kPpYOs0ZkkHSv84mrwkXbFmui83IU3yLiVLCUhIsA0OQxhlOOynz+cPx7VNrCraHO9T2CCCNCAggggAggggAggggCo5SHPF7D56RCyU7tKi+oix5QHPHZ+cRwj+o+YjKSzLpjCEVH3h1iPMhI6R5p/VG9ElCKjt0+YgMulRod49fCKOJZMjqQATuiqrDMd2Ay30Ua6nKNzhEkovfpWDacY8MutQP3i53eEVwk3PJKKC26m1tY82HOd+7vD/BMSEIt90dXGHCiM8OZNyKMMLM979dIFooew++JOWErTQ9kMLIuQlDnGovYJ6lXMLTKBuPow6Ukq1vwYWMPTUUtq/st840S5ENkeRIypodT2EKYV90SUSgAwEEtDJPb8xDhPAH4fGKSjdkDHkqL5E/wj8oWmWBYAdgaHGPAe3+UeZD1fGFu0HkJWAQRoaQvIePsH5vBsxqSe9vg0FFAi+ThPOS4I6yX6i949mCqqXT7b/nEgyk8Bf6rDaEmr6OIiSuiUScFu9/yESYYwwp9cBD8dVNWijOWp7BBBGhAQQQQAQQQQAQQQQBCxiHUOyGAj61idNQ5hGzirRKZHSivf2R7k7LHrN4fEuPcn0Iq4k3I6kduvULR4EdncH0iSUQZPruhhJuNpT8B849aHAiFZIjALjBTHikUiRljwphgFyKZddflaHCm0OFH13QrLDCLjbQpoVlj3LEYCLiGjzLDmWDLEYBcbywZYcywZYYBcbyw2EVMSMsJKYnASmeyBT64Q7CECFxrFWRVnsEEESQEEEEAEEEEAEEEEAJVHkEEAEemCCIJPBHpgggAggggAggggDyPYIIAIIIIAIIIIAIIIIAI8gggBQj2CCJICCCCACCCCAP/2Q==', 33),
(95, 'data:image/jpeg;base64,/9j/4AAQSkZJRgABAQAAAQABAAD/2wCEAAkGBxMTEhUTEhIVFhUXFx0YFxUXGBYXFxkaFxUYFxoYFxoaHSkgGB8lGxcVITEhJSkrLy4uFx8zODMtNygtLisBCgoKDQ0NFQ0NDi8ZFRkrKzcrKysrKysrNy0tLSsrLTctNysrKy0tKy03Kys3KysrKy0rKysrKystKysrKy0rK//AABEIAPEA0QMBIgACEQEDEQH/xAAcAAEAAQUBAQAAAAAAAAAAAAAABAIDBQYHAQj/xABHEAACAQIEAgYGCAQCCAcAAAABAhEAAwQSITEFQQYTIlFhcSMygZGhsQdCUnKSwdHwFDNiglOyJDREVHOi4fEVY4OTlKPS/8QAFgEBAQEAAAAAAAAAAAAAAAAAAAEC/8QAFxEBAQEBAAAAAAAAAAAAAAAAABEBYf/aAAwDAQACEQMRAD8A7jSlKBSlKBSlKBSlKBSlKBSlKBSlKBSlKBSlKBSlKBSlKBSlKBSlKBSlKBSlKBSlWsUOw33T8qC0eI2duut/jX9aDiNn/Gt/jX9a+Zv/AAjD4S2H9EZA/wBJxKhw5KgkYXDCc8SO1c08tqx9ziJuw2XFYlCYJuNaW1IiZt5HW0PHMIGs86D6rGPtf4qfiX9a9GMt/wCIn4l/WvjTiWCUBrlklrXWMkkRBGojU5gV2O+hkDSYdnDs3qqT5Cg+2Rik+2v4hXovr9pfeK+NLHBLp3Rx7KrbgV3/AA39oHymaD7J61ftD3ivesHePfXxgeB3/sfEc6iX8I6espFB9tZx3ivcw76+MuFYKzCXMQzC21zqwF3MZTcYn6oVXU95mBGpGXxWMLFgbd7DWwfVFq1dsqpMDMuRJEkdo5ifE7h9b0r5c6LcG/iMTYa0oBW6jm5ZLNhmCOHbOG7WGeNgwCkwAqjU/UdApVu7fRfWZV8yB86jPxewN71v8S8vbQTaVBHGMPt11v8AEKu28faYwt1Ce4MpPzoJNKUoFKUoFKUoFKUoFKUoFW8SYRj/AEn5VcqzjP5b/dPyNB8l4/ihxF4i6WF5ggDBesS52FCLcta9+hQf2kmarHB7ILC62FDrm0S+wErMhpJ7tMu8xV7iyLg7QuzOJxKL1Ub2bGQI1zwe4cyqeSqx+sKwnR3hvW3BOwNBleG4F8SEUoqWlJK20BiWiWYsSzMYAknYACAIre+D9FwAIUVkejnBgANK3TDYQKNqI16x0fHcKqucCWtpFqqLtiqNVu9HxG1azxvo6pBkV00JpWG4rhpqDinEeHvhwyhFuWmILW2zRI2ZSpDK24kESN5q8nDLMKtvLfJgrZOLAUs3JUFtWaJiMwbfSt64xwsMDpXK+kfDupuSNAfnRW29F+kC28Th7YYPN62osWg1nCJnuBCzjR8S8fb0B5sNK+k+LMRZuEEg5TqNDtyPKvlfgVzr8XgsRp1n8VZS/pu5uqVu+bqGn+q2xPrV9TcZPoLn3TQc1vXiM5OsAxsDoSBJINaRivpINu8bZw0jQT1p0nmRk15aeffptnF7rKl5ra5iATl5kAnMF8TqR4xXE+K4hGxAcGVkE+U6iO/woOgj6Qi18WRhgNRJNyd10gZBG47+dbk7kqu0ETED5xNcW4eo/i0MHQKSG30UAT4xBjvrszOMqfd+B2oOldGf9WTwzDv+u1ZSsP0UJ/h1neT85rMUClKUClKUClKUClKUCreJEowP2T8quVbxIlG+6flQfHvTa8Xxt2RlC5Lap9lLdtURR5KBW5dCOFwoka861vpfwm5a4hF3JN2LgymRBJXnsZU10zopheytEbL19vDWTdumFXcgFjroAAokkk8qzOBvpcRbltgyOAysNiDqCKwvErUth0Ny6ga6V9E722LCzcurLKQYi0+nMkVThOhGHtrlt3cXbWScqYq+okmSYDbk0GzZa1fpZ0hfDXbIS11lrtNiWAebSZSysCOzIVLrldTFvYSDUodD7f8AvWP/APmX/wD9Vau9B7BzMb2LNwiOtOJvFwMpWNTlIhmEMDoT31Rl7rqis7sFVQWZiQFAAkknYCNZqDxgEW2dFzkKWVQR2yFkAHbXT31a4jxkWpsrhMRdeMqWxaJtuNhN0+jVI3LGQNxOlRR0ZuC1ZVcXdslLKWnWzkKHJmIK9YrFYzMAdyAs7VBCLLdtpcX1XUOPJlBHwNc96e8PlJ7jM10wYEWraWlLEIoUFoLGBEkiAT5VqHS+z2aK0r6LrRfiWGt8nuLm/wDSYXwfY1ofEc6+p+NH0Fz7pr5o+ibhty5xJCijIjAuxLKAMykBWCt2zE5SNVD6gSw+meLJNm4P6D8BNByvG3FQXCxgbc92Jjy1geZrl/EeAN1gxAQdWILnxa4UUx4tFdRxdgOLqMJDIwIPOZNaBiOj2PNpra4tWsQDkzQ5CvmC+r6wOskgeNBrGEtt/GLIjNvPIRBmJjURXamSLdody1zW3wu9ae36K2q9XcXNmUs03CwLc5jKOex11rotoTatbzlg78uc7e6g6L0SecP/AHH8j+dZqsN0TSLHmx+ED8qzNApSlApSlApSlApSlAq1ivUb7p+VXatYtoRz3KT8DQfKfSXiy4niFora6oW0S3EyTlBOugiM2WOQUV1boxb7IrnvTi9au4/C37e920GaQFYlWe3LAfW7JWeeQGul9Fl7IojPW8OGylhOU5l8DlKz7mPvqFisM5XFC2j9ezegcAiD1NsI3WRlChwSQZkBhlMwcvYFZC2Ko1jiOBvsxyDSbx7UxB6kLkOdcrx1mQkxIO0yK8Sl828VkcgMvow6OXP+i2xK9pcpzyIj1ga2Fm1/f6Vae33j20GEYXusF0KciHJlzMGZNrjdXlhjmCldZi3p65mJiVxBtPb9IOtD3BcOjWg5Zja7wwLIF7gzf4euyoasYw6VBgbjloYgiQCQdCJEwRyrVOlq9g1umJA3rTulfqHSioP0Uk21Bu5zYvXWuLkRiFuYe5bgO6sCmYKTqYOSIMkHqmN6VoVZVtnUESTG47orQuA4IYbDphwSX1d5k9t9WA8AdPYOZrKOCq5vfHPlp40FnMC5IOkHX2VfwVoGwwI3X5zWOv4cm5lBKmJMakecVewfCMaTNrMyHQZXQAneIYiDA7ql4KeM4cC3Z0GisP8Al/6VVYPobXkfnTi3CceIzW7uUbyykAczo2lQbWHYgRmaNysED9PYKXg3rg3SFLVsIVJAJOYHv9lbHw3itq9OQ6jdTvXM7V0FRr7+0d9tOfhUvC44rc7JhhqN5G3f4cqo6fSrOEvZ0R/tKD7xNXqBSlKBSlKBSlKBVrFDsN90/KrtWsX6j/dO+2xoPmPpbw9LfELDpdZxdQOFKZAiR2FXQCIjSARGo1rq3RUDIvl+/mK5L0jxeMfiSW8auVrc5AAAMrHNmBHrztmk+rrqDXXuiqdhY7v0O3kRRGw21qWu1Rl7qk26o9Vda0zoD0huYo45LxOaxinUEwALbFgiafZyMPdW7ruBXKOgvS3DWruIt3Lpz3sRqGti2VuMzliSJDGSq8tQNO0BUHS0qNjqloatYxNKDDXzpWvYrD57qgRoc3tGo+MVsWI2rCG5luZvA/KipWDsuNwvnpP61d4gri2QgljA5mJOpI56cqlYS4GAPgKrxFzIJyk66xyHedKgwV3CtmVAgdYg9rLB02Hv0q02BKMWDlBMagg8tjmB17499ZYIobRVYMwLNmyiSCZMbjMAACDqxqLjcV1ltCQ1uSGy6LcXXQNm012Ig7nXnUgxzWgQ+e4M49ROuXMZAOozd+x0r3E8PuahAxUbMRnkQOUzpMd2nKpa27gYNbxMd9tlDLAPaIGYFp30IIjnsZRu2Hi7JYlQM2S4FOjQcu+1x9vteVILOAwaOCTBjKBD7dgE5e1KyS1eYnh5ALLy17Tu+kkndjG59/lUvgGFKWghMhMqLO8LbTtNOstOb21Ix9mUIBjy7jofZFBtfRW4WwtudCARB8GIHwistWI6KMDhbZXYyf8AmNZetBSlKBSlKBSlKBUfiLEWrhG4Rj/ympFR+Ifyrn3G/wApoPnDpRxb+IxGBLp1d9VuG4gBGVS8W4B1UMFNyOXWTsRXU+iY7A8q5h0w4ZbtcRsMljqjdRrlzt5gXLmYEkCNpWFPICun9HMwtdgAvl7IYws8pIBgew0RsTMqxmYDukgfOr1hwdAw94rn/Evo7v4ol8RxS9mb6tpMloeGXOc3mTNapxb6LuI4dScJjHviJKKz2rh+6ucq2k6Zge4GqOlce6c4bDs1sXLfWquYB2CKdSOyWjPqDsQNCM0iK4FheGW7js1zE4YOWLhTcyo8mSrOJCjbQ95EjcQLuLu2vRXFtuELAC5bVokywBIDL2p7OkEmQDNU4biMsq/w9kgsAQtsEmTEAkmJ8I8xUV9LdGcT1llTKkwDC6CCN1U6hTyrK4odkjwrROif0b27Cg3719yRLWetZbIJ5EJGeNBroY2rJdLOD28NhbmJwoNp7C9ZlVmCOqwXVlmASoMOIYd8SCRkcUnZmtcvE9ZpEwd/Ktis3hdsW7g2uW1cf3qG/Otduj0woq/gbuhy6ZToD3d3uK1L4nbzBJUMobM2aMogEgkHfWBsd9qh4cgNoNGb4MIB98fCp9letdLeukMw+7Eg+cge00FlrHZOTKM4zHQBmAAAIUDTQCAd/DevMNgUmF6xiNpZxE66wQBy33rOW7GZiTsDoIYaxvrHw08zUrLQa/c4aoGoZeclgVVgANCQYUxuY+MVG4lw8MBmZWX1SDJRsxkZh9WeRMg5tCJFbVkqDfshdGkoQdO1pJ1JyqZ0J1Jme8mQGP4ZCrk2KwMu2UBQiacpVFMcpqvF3IViTAAJnu03rzD2gpcZQGzQxAALQIDHv0Hwr3EDQ+P61BtnRZYwtoRGh0/uNZWsb0c/1a15E+9iayVUKUpQKUpQKUpQKjcS/k3IJByNqNSOydQOdSagcfUnC4gKJJs3AB4lGig+bOO8IvYfisXrpuh8zW7hzaqXaVhiSpVswK8vbXY+iv8ALHlXI+OcWe9jrNm4wa5Y6xbj66sbx7MkCSiLbUnvVt9z13ox6g8qI2FP37dPzqpxGvKfzqi0f35a/lV9lkVRxj6dOChLlnFW1jrcy3REyyLKvA1kpmBP9C1pXRe5OLsCUINxASLbg5QZPaMbjn4jlXTvpuugYfDIVzHrWbL2fq2mWYYEHW4vKuWcDsNburmsgkNMkICpiQRuQRMwPDzqD6Sx2Nt2FZ7rqiDdmIA+Na1xXiNziNprGEtN1F0ZbmKuApbCH1jaDCbxiYygqZEtEg6zjieJ8c/h3ObC2EW41rQo/YRwT5s6jXkGj1jXVSulUY65YVLaoohVUKo7gogD3AVqWKjrh7fyrcsYOzWk8QPpffUVbFyEgmICmfI6f5PjWd4ZeBvOhnW2fu6lQRHn+dYDEWpBWJkEe4tHzrL2zli4BqJ02kGdPOJoNisHsSgWSTMyoknUkamecfGiWXAgOI7ypLe/N+VR8LiJgrrm3EGT4gfVjmNYkDQQxn5x3j39wk/Cgi28DlAAbshs2oGYHvBGm+p0kyZJkzU9kKgAEwdDC6eI0yr8ByqQ1wD3xprrEx4GsfjcVl7RAJHqKRqDG5PIbGD4bHQBDL+ku6yMwH4VAPL7U1ZxlzTQ1TaEDeTuT3k7mrOKbsk9wJ+FQb/wL/V7R70B131E6++p9QuCrGHsjutr/lFTaoUpSgUpSgUpSgVE4v8AyL3/AA37vsHv0qXWP6RZP4XEdZGTqbmfMSFy9W2bMRsImg4J0uxiXOJWAl9Lxt2mV8oAyuLrTJBIEmTkGizA3rpvRkdgeVcu6R9HUw3Excsz1V7M4GYNDZiSFYespEMD3NB2rqnRn1QP3tRGesipdtdI3qLb3qjjWFu3cPct2L3U3WXsXIVoI2kMDodjpsdKo4D9NPSQX8d1dlzkw69XKndyc1yCNxoi+aVoVvGXFMi44PIhmB981s3FugnFEZjcwd5jJJZALmYk6kZJmd9udYsdFscTAwOKn/gXef8AbQdE+iPHZ8e919TfsZc2mj2urDIe7Rcw/pI5zXaQa4b9G/QHiFvELevBsNZUhmBK57kGQoXUr3FjBAYxvXbydKgh4s6Vp2L/AJ4nx+RrbcW+hrT+IvF0Hz/ymirpInyk/v8AfKpihSoJiAZE7CNj8axT3YJ1Gn/b86nBibZyyWzQAAST2hoACNTtuI3kU0HxFzUW2jXQMsiQNWOkjcbEHXQgzE6zxdgsOpkTPNe7Qxm1HeTWDxeKuWrnbVYRO0oGVl+sfrlWgLI05GCBJq8wVFOQdnZhrIMkyZ1JMmZ1Mg1BkcTx5sv8thMRtBaJAA0ZToAJI1jmawV/FPdt239Iwu9kLlyhSSYJA0Ew2reGxNXMVi2tGzaIRxcAUNJYGEXOGAEAjMnPXw2FXE8OlsBwCrnKlvuU3D1auq7ADMT5A0GVwzAouUyAIB5GNNPDSrONbsnyPyq5as9Wot6QoyiNoG2XwjbwirGLbT3fOqjpvDBFm0P/AC1/yipNR+H/AMq39xf8oqRRSlKUClKUClKUCsV0st5sDilzZc2HujN9mbbCdxtvuKytY/pFl/hcRnML1L5idgMhkn2UHzO/Fi2OWwM4tWC9tQ8ZpN53dmA0BzMwAGwAEnUnsfRu72RXz/ib72eIXS4Gdb90MDrDFnUn2Ez5iuzdEuISBrPj599EdARtPLbx8KlW6w4x6jQhzpyHhOnvHvFXrnEVIKy6kiM+XRSVGszGhIB7jVGTZ+W086a99YO7iT21625ILDOLcgE6D62sHUA+2avXnOXOLzhTp6k7CJE66lWMnefaQyOIBJ35fv5VZB0rFvj8pBN64QBB9GJaD6xO8agSNPbNXRxO3A1MExPKYnXu89tDQWcS29ajxE+lQeJ+R/Ss/iscpBYTHiI5T8iK0/G40HEIoOpzD/62NRV67IBkwcvgNmDbH2D21mbKnqrgBAMXMrMFIBKnKxDAggGDqKx9y0V0jN6MnXXUbz37bf1VdxOIVcPcNxM6/WQxBBKqZkHTmdNpoIfCcZjrqq5vDII0e3YzspJyLIRQpMDYaZuca5lmxIE9aHEj6ltWExABAgjtLyB1meVYjDNmVrUWrZARwQTdtQLhyuCwUsZWCDGXQjeq8Kz27Vu3mJdQBEdklQFkkkjTKsc9DuZqC+bb3Xtu5LLmOQlAzIfEEqTmQDUmQ20yAJHEsUYti2nWJDyrIlyQmZicraAh1Pu7zWOvJcA6u0crHUyQrC4IeVg6rc6snQxKGZJMV2uIF8lzOcrMrCAPrgKp7o7OYjYzPIQGXe5KhidwDOg5DkKx+IvdoiOR/L9DV6+0W1A5KPgB+cVDuEyZ7t+Z9b9auDr+GHYX7o+VXaptjQeVVUClKUClKUClKUCsF07WeG40d+FvD32mFZ2sP0xsl8BikUEs1i4oAEkkoRAHM0HzN0xQYkPjE/mWrhs4peejFbN+O5lAVj9pR9qsl0F48ICMdR8axuEwhw2IutmN25Lh7Fsp1YRmIK4q60ooImUg7alSKvWGwio2S3h7V9lhSMVcIVtDObVAOUFjI+tQdl4Zic8ekZfAMR8Aa2DDrDFusYg/VbYak9nbv8dAByrjnAuPNaIt3hlaAQJBDKwlWRgSrqRswJB7637h3HgRuKqNmv2GdpFxwIjKpIGhmd9+VU3LLyD1raRpyMEdxG8QfbtXmHxSlQdhz7gQdj3cvdV3+IQhoOwMkd/dtqf3zqCm+5IHaI1mfI7b86gsxUSbrHSDOo9aZ7JEHlpy7qiYzikCZAGupB3jbQ+I99a1juMvtzOwCtJnYgEmfdVDjuPgQWLHWWMj860PhfEhd4nYSZUZ5/8AZfSpPF3vYg2xbS4yNrcdcoyKHIJzMQgYhWIBjap/RbhGHt3etsKzyWUucRh3ywhmVtuzNJZe4Ar5VFbGcWDcyayBmA3BUgjfkSZ08Km4bDwmUOQTPa0kRAB7WhPPUVaQCpdq2wzPGsAAMN9e7zjWD3c6CIeHaagsSILDeO4AaKOeXb21ITAuABlbfTSZJM6d+p2qlbbpc11UEyo0LQPtNMcthzFSuI3GMC36MDQ9lXMseZIjv1rO0Y3FcDe4QBbbQhiIYSJQ+z1Y9p7zVnAcGe3Z6lyW7GVmOn1ApPvzN/dWRsvAOe5daBoB1Nse/Kx/7irC3Ln1su5IiQRroDyYeymUMdZ230PISNBPLwqzbw4Lanu08hz9lVqp11/cRP8A2r3CWxnGnP41rB1ylKUClKUClKUClKUCsZ0mdVwl8sCVFtpCkqxEa5SNQfGsnUbiVrPadYmREd9B858d6viDOVY4kB2YdSBaxlvf+ZhmOTEgDIM6EMY1asRZ4SogPctiwgi51mDe1cAjWbmQw/d6TVoABmD1lOguBUmcNbdgdcsBV+9cOnsHvqrE9FsHdIFy1aJ2WTeePDtSI8iKDgXEeJgrZt2i2WwrKrsAHbO5dpAJCiWMLJ5mdYGR4X0tuW9GkjvH511x+huCG+FteGkg+VE6F4M7YS1+GgidGOmVnEIIuKt0AB0aQWgQGXUHURO/lzrIcZ6XWcOkvdQEepaWBJjQnvAOuw9ulVL0CwZ/2W1+Gqz9H+D/AN1tfhoNJx3Ti0xuJ1gyKqjl2grJmyn6xOXT701jL/SPPcINxJa9bACuCBbDXHJzd7HQjkGUaaiuiXOgmDH+y2vw1YPQ7Bf7pa/DQaNwK1ZxSWLQvKXW2A1hmIL63L7lCu7O4towMNFudQRUnhFxDisL6bClhcuvFpSSXZTIPVqLZAUr2iSTk03NbzhOheABV2w9sbsAoObsyZBBGXUd86e2sk+AtMZ0PgWuqdP6s5n+40GItYqbrLckKPUKqgOizJGXbQnepli8uRSAQhYLrABBcerGugDSe+TzqVe4bcJJtTscykAMsggMGkBh8e4VjL2CxAKr1Vx9d4KgRP8A09XuoMk19Y2GxzGRuzBW1G0CPOo+MQs0i8QAxzKrakyDEDXkNdYGaq8Rw69lgJc1A0GYRA1nbUkztyqKeHXf8O5+BjQR8SYBhiYG5JLaGdIiY7uYG9QrHE4dFK5g4YyDoCHGgBExDoQfAzroZ9/h97TLauHWD2CNO/X9apwvDL5EvYuA8pGaDPny7J8/KaCHjcbeRWZbIYZgFbMANVUnsxMiTWS4UudrbDWSNPMxpUa/wm88Hqn1ABXI0aR4jmNK37ot0a6kB7sF+SjUL7eZ8tByneg2alKUClKUClKUClKUCrOMPo2nXsnw5VeqzjR6N/un5UGrYr0h7xJhRoR5DZvPfvirYw5jdoA+yM0e+YqabOUZvrEnL4CfW/SqsNZJ3JjukxQRkwmbKIgAad5kySan2cEByqZZsgVJC0EMYWqv4WpcUMUGOu4YVCvYIHurPEVbZBQay+GiAQdNiDBGs6zvqfCry4KSA2dhPgoHidSfl51k7+HBqHh7GW4P3yNBJyADKBAGwGgpk76kBOde5KCwVr3Iavlapa2ZkGgjvbqhYEDv9n73qWUrxbXP970EZ1/c1NwN4iAdvlVprAPKq0XUUGTpSlApSlApSlApSlAqi+sqR3g/Kq6pfY+VBhLyZmPw8qmWLNVC12qkotBRk8KqCnwq5FexQWWHlXpHlP7/AOlXMte5RQWjPhXmQ+FXctIoIzW6sdT2gf3tU4iqCutBZivclXctI0oLQt16yT4eUfpVcV7FBQE8R7QP0qnq6uFa8VdKCjJXgWrxWmWgkUpSgUpSgUpSgUpSgUpSg8yjur2KUoFKUoFKUoFKUoEV5Fe0oPIpFe0oPIpFe0oPIpFe0oPIpFe0oFKUoFKUoFKUoFKUoFKUoFKUoFKUoFKUoFKUoFKUoFKUoFKUoFKUoFKUoFKUoFKUoFKUoP/Z', 81);

-- --------------------------------------------------------

--
-- Cấu trúc bảng cho bảng `user`
--

CREATE TABLE `user` (
  `id` int(11) NOT NULL,
  `username` varchar(50) COLLATE utf8_unicode_ci NOT NULL,
  `fullname` varchar(50) COLLATE utf8_unicode_ci DEFAULT NULL,
  `password` varchar(255) COLLATE utf8_unicode_ci NOT NULL,
  `money` varchar(20) COLLATE utf8_unicode_ci NOT NULL DEFAULT '0',
  `cat_user` int(11) NOT NULL DEFAULT 5
) ENGINE=InnoDB DEFAULT CHARSET=utf8 COLLATE=utf8_unicode_ci;

--
-- Đang đổ dữ liệu cho bảng `user`
--

INSERT INTO `user` (`id`, `username`, `fullname`, `password`, `money`, `cat_user`) VALUES
(1, 'administrator', 'Khoa Vũ', 'e10adc3949ba59abbe56e057f20f883e', '100000', 1),
(13, 'quockhanh', 'Quốc Khánh', 'e10adc3949ba59abbe56e057f20f883e', '0', 5),
(21, 'phuy', 'Phạm Huy', 'e10adc3949ba59abbe56e057f20f883e', '200000', 5),
(29, 'longho', 'Long Hồ', 'e10adc3949ba59abbe56e057f20f883e', '0', 5),
(33, 'vmkhoa', 'Khoa Vũ', 'e10adc3949ba59abbe56e057f20f883e', '0', 5),
(36, 'lplong', 'Lâm Phi Long', 'e10adc3949ba59abbe56e057f20f883e', '555', 5),
(37, 'toitena', 'Nguyễn Văn A', 'e10adc3949ba59abbe56e057f20f883e', '0', 5),
(38, 'longhoang', 'Long Hoàng', 'e10adc3949ba59abbe56e057f20f883e', '0', 2),
(39, 'hoang', 'Hoàng', 'e10adc3949ba59abbe56e057f20f883e', '0', 5);

--
-- Chỉ mục cho các bảng đã đổ
--

--
-- Chỉ mục cho bảng `cat_perfume`
--
ALTER TABLE `cat_perfume`
  ADD PRIMARY KEY (`id`);

--
-- Chỉ mục cho bảng `cat_user`
--
ALTER TABLE `cat_user`
  ADD PRIMARY KEY (`id`);

--
-- Chỉ mục cho bảng `comment`
--
ALTER TABLE `comment`
  ADD PRIMARY KEY (`id`),
  ADD KEY `id_per` (`id_per`);

--
-- Chỉ mục cho bảng `contact`
--
ALTER TABLE `contact`
  ADD PRIMARY KEY (`id`);

--
-- Chỉ mục cho bảng `item`
--
ALTER TABLE `item`
  ADD PRIMARY KEY (`id`),
  ADD KEY `per_id` (`per_id`),
  ADD KEY `order_id` (`order_id`);

--
-- Chỉ mục cho bảng `order`
--
ALTER TABLE `order`
  ADD PRIMARY KEY (`id`),
  ADD KEY `user_id` (`user_id`);

--
-- Chỉ mục cho bảng `perfumes`
--
ALTER TABLE `perfumes`
  ADD PRIMARY KEY (`id`),
  ADD KEY `cat_perfume` (`cat_perfume`);

--
-- Chỉ mục cho bảng `permission`
--
ALTER TABLE `permission`
  ADD PRIMARY KEY (`id`);

--
-- Chỉ mục cho bảng `pic_per`
--
ALTER TABLE `pic_per`
  ADD PRIMARY KEY (`id`),
  ADD KEY `pic_per_ibfk_1` (`per_id`);

--
-- Chỉ mục cho bảng `user`
--
ALTER TABLE `user`
  ADD PRIMARY KEY (`id`),
  ADD KEY `cat_user` (`cat_user`);

--
-- AUTO_INCREMENT cho các bảng đã đổ
--

--
-- AUTO_INCREMENT cho bảng `cat_perfume`
--
ALTER TABLE `cat_perfume`
  MODIFY `id` int(11) NOT NULL AUTO_INCREMENT, AUTO_INCREMENT=30;

--
-- AUTO_INCREMENT cho bảng `cat_user`
--
ALTER TABLE `cat_user`
  MODIFY `id` int(11) NOT NULL AUTO_INCREMENT, AUTO_INCREMENT=13;

--
-- AUTO_INCREMENT cho bảng `comment`
--
ALTER TABLE `comment`
  MODIFY `id` int(11) NOT NULL AUTO_INCREMENT, AUTO_INCREMENT=46;

--
-- AUTO_INCREMENT cho bảng `contact`
--
ALTER TABLE `contact`
  MODIFY `id` int(11) NOT NULL AUTO_INCREMENT, AUTO_INCREMENT=19;

--
-- AUTO_INCREMENT cho bảng `item`
--
ALTER TABLE `item`
  MODIFY `id` int(11) NOT NULL AUTO_INCREMENT, AUTO_INCREMENT=115;

--
-- AUTO_INCREMENT cho bảng `order`
--
ALTER TABLE `order`
  MODIFY `id` int(11) NOT NULL AUTO_INCREMENT, AUTO_INCREMENT=99;

--
-- AUTO_INCREMENT cho bảng `perfumes`
--
ALTER TABLE `perfumes`
  MODIFY `id` int(11) NOT NULL AUTO_INCREMENT, AUTO_INCREMENT=82;

--
-- AUTO_INCREMENT cho bảng `permission`
--
ALTER TABLE `permission`
  MODIFY `id` int(11) NOT NULL AUTO_INCREMENT, AUTO_INCREMENT=2;

--
-- AUTO_INCREMENT cho bảng `pic_per`
--
ALTER TABLE `pic_per`
  MODIFY `id` int(11) NOT NULL AUTO_INCREMENT, AUTO_INCREMENT=96;

--
-- AUTO_INCREMENT cho bảng `user`
--
ALTER TABLE `user`
  MODIFY `id` int(11) NOT NULL AUTO_INCREMENT, AUTO_INCREMENT=40;

--
-- Các ràng buộc cho các bảng đã đổ
--

--
-- Các ràng buộc cho bảng `comment`
--
ALTER TABLE `comment`
  ADD CONSTRAINT `comment_ibfk_1` FOREIGN KEY (`id_per`) REFERENCES `perfumes` (`id`);

--
-- Các ràng buộc cho bảng `item`
--
ALTER TABLE `item`
  ADD CONSTRAINT `item_ibfk_1` FOREIGN KEY (`per_id`) REFERENCES `perfumes` (`id`),
  ADD CONSTRAINT `item_ibfk_2` FOREIGN KEY (`order_id`) REFERENCES `order` (`id`);

--
-- Các ràng buộc cho bảng `order`
--
ALTER TABLE `order`
  ADD CONSTRAINT `order_ibfk_1` FOREIGN KEY (`user_id`) REFERENCES `user` (`id`);

--
-- Các ràng buộc cho bảng `perfumes`
--
ALTER TABLE `perfumes`
  ADD CONSTRAINT `perfumes_ibfk_1` FOREIGN KEY (`cat_perfume`) REFERENCES `cat_perfume` (`id`);

--
-- Các ràng buộc cho bảng `pic_per`
--
ALTER TABLE `pic_per`
  ADD CONSTRAINT `pic_per_ibfk_1` FOREIGN KEY (`per_id`) REFERENCES `perfumes` (`id`);

--
-- Các ràng buộc cho bảng `user`
--
ALTER TABLE `user`
  ADD CONSTRAINT `user_ibfk_1` FOREIGN KEY (`cat_user`) REFERENCES `cat_user` (`id`);
COMMIT;

/*!40101 SET CHARACTER_SET_CLIENT=@OLD_CHARACTER_SET_CLIENT */;
/*!40101 SET CHARACTER_SET_RESULTS=@OLD_CHARACTER_SET_RESULTS */;
/*!40101 SET COLLATION_CONNECTION=@OLD_COLLATION_CONNECTION */;
